<metadata xml:lang="en"><Esri><CreaDate>20210822</CreaDate><CreaTime>21481200</CreaTime><ArcGISFormat>1.0</ArcGISFormat><SyncOnce>FALSE</SyncOnce><DataProperties><lineage><Process Name="Project" ToolSource="c:\program files (x86)\arcgis\desktop10.5\ArcToolbox\Toolboxes\Data Management Tools.tbx\Project" Date="20200528" Time="163654">Project DATOS_CENSO\Población_por_sexo_y_área_y_número_de_viviendas_por_área_según_Distrito_Censal_Censo_2017 C:\SIG_DI\@BASE_INE_CHILE\Lim_DistritosCensales.shp GEOGCS['GCS_WGS_1984',DATUM['D_WGS_1984',SPHEROID['WGS_1984',6378137.0,298.257223563]],PRIMEM['Greenwich',0.0],UNIT['Degree',0.0174532925199433]] SIRGAS_2000_To_WGS_1984_1 GEOGCS['GCS_SIRGAS_2000',DATUM['D_SIRGAS_2000',SPHEROID['GRS_1980',6378137.0,298.257222101]],PRIMEM['Greenwich',0.0],UNIT['Degree',0.0174532925199433]] NO_PRESERVE_SHAPE # NO_VERTICAL</Process><Process Name="Intersect" ToolSource="c:\program files (x86)\arcgis\desktop10.5\ArcToolbox\Toolboxes\Analysis Tools.tbx\Intersect" Date="20200529" Time="134756">Intersect "Lim_DistritosCensales #;C:\Users\Abner\Documents\ArcGIS\Default1.gdb\Lim_Manzanas_Urbano_Union #" C:\SIG_DI\@BASE_INE_CHILE\Union2_Manzanas_Urbano.shp ALL # INPUT</Process><Process ToolSource="c:\program files (x86)\arcgis\desktop10.5\ArcToolbox\Toolboxes\Data Management Tools.tbx\CalculateField" Date="20200529" Time="135828">CalculateField Union2_Manzanas_Urbano COD_CAT [COD_CAT_1] VB #</Process><Process ToolSource="c:\program files (x86)\arcgis\desktop10.5\ArcToolbox\Toolboxes\Data Management Tools.tbx\CalculateField" Date="20200529" Time="135906">CalculateField Union2_Manzanas_Urbano CAT [CAT_1] VB #</Process><Process ToolSource="c:\program files (x86)\arcgis\desktop10.5\ArcToolbox\Toolboxes\Data Management Tools.tbx\CalculateField" Date="20200529" Time="142959">CalculateField Union2_Manzanas_Urbano CODIGO2 ""0" &amp; [CODIGO_C17] &amp;"1" &amp; "000000"" VB #</Process><Process ToolSource="c:\program files (x86)\arcgis\desktop10.5\ArcToolbox\Toolboxes\Data Management Tools.tbx\CalculateField" Date="20200529" Time="143029">CalculateField Union2_Manzanas_Urbano CODIGO "[CODIGO_C17] &amp;"1" &amp; "000000"" VB #</Process><Process ToolSource="c:\program files (x86)\arcgis\desktop10.5\ArcToolbox\Toolboxes\Data Management Tools.tbx\CalculateField" Date="20200529" Time="143217">CalculateField Union2_Manzanas_Urbano re [REGION] VB #</Process><Process ToolSource="c:\program files (x86)\arcgis\desktop10.5\ArcToolbox\Toolboxes\Data Management Tools.tbx\CalculateField" Date="20200529" Time="143306">CalculateField Union2_Manzanas_Urbano CODIGO "[CODIGO_C17] &amp;"1" &amp; "000000"" VB #</Process><Process ToolSource="c:\program files (x86)\arcgis\desktop10.5\ArcToolbox\Toolboxes\Data Management Tools.tbx\CalculateField" Date="20200529" Time="143432">CalculateField Union2_Manzanas_Urbano CODIGO2 "[CODIGO_C17] &amp;"1" &amp;"000000"" VB #</Process><Process ToolSource="c:\program files (x86)\arcgis\desktop10.5\ArcToolbox\Toolboxes\Data Management Tools.tbx\CalculateField" Date="20200529" Time="143900">CalculateField Union2_Manzanas_Urbano CAT_1 [CAT_1] VB #</Process><Process ToolSource="c:\program files (x86)\arcgis\desktop10.5\ArcToolbox\Toolboxes\Data Management Tools.tbx\CalculateField" Date="20200529" Time="143949">CalculateField Union2_Manzanas_Urbano COD_CAT_1 [COD_CAT_1] VB #</Process><Process ToolSource="c:\program files (x86)\arcgis\desktop10.5\ArcToolbox\Toolboxes\Data Management Tools.tbx\CalculateField" Date="20200529" Time="144044">CalculateField Union2_Manzanas_Urbano COD_CAT [COD_CAT_1] VB #</Process><Process ToolSource="c:\program files (x86)\arcgis\desktop10.5\ArcToolbox\Toolboxes\Data Management Tools.tbx\CalculateField" Date="20200529" Time="144120">CalculateField Union2_Manzanas_Urbano CAT [CAT_1] VB #</Process><Process ToolSource="c:\program files (x86)\arcgis\desktop10.5\ArcToolbox\Toolboxes\Data Management Tools.tbx\CalculateField" Date="20200529" Time="144634">CalculateField Union2_Manzanas_Urbano CODIGO2 ""0" &amp; [CODIGO_C17] &amp;"1" &amp;"000000"" VB #</Process><Process ToolSource="c:\program files (x86)\arcgis\desktop10.5\ArcToolbox\Toolboxes\Data Management Tools.tbx\CalculateField" Date="20200529" Time="144729">CalculateField Union2_Manzanas_Urbano CODIGO2 "[CODIGO_C17] &amp;"1" &amp;"000000"" VB #</Process><Process ToolSource="c:\program files (x86)\arcgis\desktop10.5\ArcToolbox\Toolboxes\Data Management Tools.tbx\CalculateField" Date="20200529" Time="144815">CalculateField Union2_Manzanas_Urbano CODIGO [CODIGO2] VB #</Process><Process ToolSource="c:\program files (x86)\arcgis\desktop10.5\ArcToolbox\Toolboxes\Data Management Tools.tbx\CalculateField" Date="20200529" Time="144941">CalculateField Union2_Manzanas_Urbano CODIGO "[CODIGO_C17] &amp;"1" &amp;"000000"" VB #</Process><Process ToolSource="c:\program files (x86)\arcgis\desktop10.5\ArcToolbox\Toolboxes\Data Management Tools.tbx\CalculateField" Date="20200529" Time="145646">CalculateField Union2_Manzanas_Urbano REG [NOM_REGION] VB #</Process><Process ToolSource="c:\program files (x86)\arcgis\desktop10.5\ArcToolbox\Toolboxes\Data Management Tools.tbx\CalculateField" Date="20200529" Time="145731">CalculateField Union2_Manzanas_Urbano PROV [NOM_PROVIN] VB #</Process><Process ToolSource="c:\program files (x86)\arcgis\desktop10.5\ArcToolbox\Toolboxes\Data Management Tools.tbx\CalculateField" Date="20200529" Time="145800">CalculateField Union2_Manzanas_Urbano COMU [NOM_COMUNA] VB #</Process><Process ToolSource="c:\program files (x86)\arcgis\desktop10.5\ArcToolbox\Toolboxes\Data Management Tools.tbx\CalculateField" Date="20200529" Time="150051">CalculateField Union2_Manzanas_Urbano AREA "Área Urbana" VB #</Process><Process ToolSource="c:\program files (x86)\arcgis\desktop10.5\ArcToolbox\Toolboxes\Data Management Tools.tbx\CalculateField" Date="20200529" Time="151123">CalculateField Union2_Manzanas_Urbano CodDis Left( [CODIGO2],7 ) VB #</Process><Process Name="Eliminate" ToolSource="c:\program files (x86)\arcgis\desktop10.5\ArcToolbox\Toolboxes\Data Management Tools.tbx\Eliminate" Date="20200529" Time="155720">Eliminate Union2_Manzanas_Urbano C:\SIG_DI\@BASE_INE_CHILE\Union3_Manzanas_Urbano.shp LENGTH # #</Process><Process ToolSource="c:\program files (x86)\arcgis\desktop10.5\ArcToolbox\Toolboxes\Data Management Tools.tbx\CalculateField" Date="20200529" Time="171338">CalculateField Union3_Manzanas_Urbano Zona_cod Left( [CODIGO2],11 ) VB #</Process><Process Name="Dissolve" ToolSource="c:\program files (x86)\arcgis\desktop10.5\ArcToolbox\Toolboxes\Data Management Tools.tbx\Dissolve" Date="20200529" Time="220126">Dissolve Union3_Manzanas_Urbano C:\SIG_DI\@BASE_INE_CHILE\manzanas_urbanas1.shp CODIGO2 "MZ_ENT FIRST" MULTI_PART DISSOLVE_LINES</Process><Process ToolSource="c:\program files (x86)\arcgis\desktop10.5\ArcToolbox\Toolboxes\Data Management Tools.tbx\CalculateField" Date="20200529" Time="220554">CalculateField manzanas_urbanas1 Zona_cod [CODIGO2] VB #</Process><Process ToolSource="c:\program files (x86)\arcgis\desktop10.5\ArcToolbox\Toolboxes\Data Management Tools.tbx\CalculateField" Date="20200529" Time="220639">CalculateField manzanas_urbanas1 FIRST_ZON_ [FIRST_MZ_E] VB #</Process><Process Name="Merge (2)" ToolSource="c:\program files (x86)\arcgis\desktop10.5\ArcToolbox\Toolboxes\Data Management Tools.tbx\Merge" Date="20200529" Time="233526">Merge manzanas_urbanas1;C:\Users\Abner\Documents\ArcGIS\Default1.gdb\Export_NoAsig_Intersect C:\Users\Abner\Documents\ArcGIS\Default1.gdb\Export_urb_Merge1 "Zona_cod "Zona_cod" true true false 50 Text 0 0 ,First,#,manzanas_urbanas1,Zona_cod,-1,-1,C:\Users\Abner\Documents\ArcGIS\Default1.gdb\Export_NoAsig_Intersect,Zona_cod,-1,-1;FIRST_ZON_ "FIRST_ZON_" true true false 50 Text 0 0 ,First,#,manzanas_urbanas1,FIRST_ZON_,-1,-1,C:\Users\Abner\Documents\ArcGIS\Default1.gdb\Export_NoAsig_Intersect,FIRST_ZON_,-1,-1;FID_zonas_urbanas1_noasignada "FID_zonas_urbanas1_noasignada" true true false 4 Long 0 0 ,First,#,C:\Users\Abner\Documents\ArcGIS\Default1.gdb\Export_NoAsig_Intersect,FID_zonas_urbanas1_noasignada,-1,-1;NoAsignado "NoAsignado" true true false 50 Text 0 0 ,First,#,C:\Users\Abner\Documents\ArcGIS\Default1.gdb\Export_NoAsig_Intersect,NoAsignado,-1,-1;FID_Export_urb_Buffer "FID_Export_urb_Buffer" true true false 4 Long 0 0 ,First,#,C:\Users\Abner\Documents\ArcGIS\Default1.gdb\Export_NoAsig_Intersect,FID_Export_urb_Buffer,-1,-1;BUFF_DIST "BUFF_DIST" true true false 8 Double 0 0 ,First,#,C:\Users\Abner\Documents\ArcGIS\Default1.gdb\Export_NoAsig_Intersect,BUFF_DIST,-1,-1;ORIG_FID "ORIG_FID" true true false 4 Long 0 0 ,First,#,C:\Users\Abner\Documents\ArcGIS\Default1.gdb\Export_NoAsig_Intersect,ORIG_FID,-1,-1;Shape_Length "Shape_Length" false true true 8 Double 0 0 ,First,#,C:\Users\Abner\Documents\ArcGIS\Default1.gdb\Export_NoAsig_Intersect,Shape_Length,-1,-1;Shape_Area "Shape_Area" false true true 8 Double 0 0 ,First,#,C:\Users\Abner\Documents\ArcGIS\Default1.gdb\Export_NoAsig_Intersect,Shape_Area,-1,-1"</Process><Process Name="Dissolve" ToolSource="c:\program files (x86)\arcgis\desktop10.5\ArcToolbox\Toolboxes\Data Management Tools.tbx\Dissolve" Date="20200530" Time="001603">Dissolve C:\Users\Abner\Documents\ArcGIS\Default1.gdb\Export_urb_Merge1 C:\Users\Abner\Documents\ArcGIS\Default1.gdb\Export_urb_Merge1_Dissolve Zona_cod "FIRST_ZON_ FIRST" MULTI_PART DISSOLVE_LINES</Process><Process Name="Union" ToolSource="c:\program files (x86)\arcgis\desktop10.5\ArcToolbox\Toolboxes\Analysis Tools.tbx\Union" Date="20200530" Time="155710">Union "C:\Users\Abner\Documents\ArcGIS\Default1.gdb\Export_urb_Merge1_Dissolve #;Limites_Censo_GEO_Intersect #;MZ #" C:\Users\Abner\Documents\ArcGIS\Default1.gdb\Export_urb_Merge1_Dissolve_U1 ALL # GAPS</Process><Process Name="Multipart To Singlepart" ToolSource="c:\program files (x86)\arcgis\desktop10.5\ArcToolbox\Toolboxes\Data Management Tools.tbx\MultipartToSinglepart" Date="20200530" Time="155812">MultipartToSinglepart C:\Users\Abner\Documents\ArcGIS\Default1.gdb\Export_urb_Merge1_Dissolve_U1 C:\Users\Abner\Documents\ArcGIS\Default1.gdb\Export_urb_Merge1_Dissolve_U2</Process><Process Name="Eliminate" ToolSource="c:\program files (x86)\arcgis\desktop10.5\ArcToolbox\Toolboxes\Data Management Tools.tbx\Eliminate" Date="20200530" Time="162854">Eliminate Export_urb_Merge1_Dissolve_U2 C:\Users\Abner\Documents\ArcGIS\Default1.gdb\Export_urb_Merge1_Dissolve_U3 LENGTH # #</Process><Process Name="Dissolve (2)" ToolSource="c:\program files (x86)\arcgis\desktop10.5\ArcToolbox\Toolboxes\Data Management Tools.tbx\Dissolve" Date="20200530" Time="163519">Dissolve C:\Users\Abner\Documents\ArcGIS\Default1.gdb\Export_urb_Merge1_Dissolve_U3 C:\Users\Abner\Documents\ArcGIS\Default1.gdb\Export_urb_Merge1_Dissolve_U4 Zona_cod "FIRST_FIRST_ZON_ FIRST" MULTI_PART DISSOLVE_LINES</Process><Process ToolSource="c:\program files (x86)\arcgis\desktop10.5\ArcToolbox\Toolboxes\Data Management Tools.tbx\CalculateField" Date="20200530" Time="190124">CalculateField LimDissolv2_Continuo_Manzanas Manzana [Zona_cod] VB #</Process><Process ToolSource="c:\program files (x86)\arcgis\desktop10.5\ArcToolbox\Toolboxes\Data Management Tools.tbx\CalculateField" Date="20200530" Time="190217">CalculateField LimDissolv2_Continuo_Manzanas ID_Mz [FIRST_FIRS] VB #</Process><Process ToolSource="c:\program files (x86)\arcgis\desktop10.5\ArcToolbox\Toolboxes\Data Management Tools.tbx\CalculateField" Date="20200530" Time="190558">CalculateField LimDissolv2_Continuo_Manzanas Zon_Mz Left( [Manzana],11 ) VB #</Process><Process ToolSource="c:\program files (x86)\arcgis\desktop10.5\ArcToolbox\Toolboxes\Data Management Tools.tbx\CalculateField" Date="20200530" Time="191304">CalculateField LimDissolv2_Continuo_Manzanas Manzana "ND" VB #</Process><Process ToolSource="c:\program files (x86)\arcgis\desktop10.5\ArcToolbox\Toolboxes\Data Management Tools.tbx\CalculateField" Date="20200530" Time="191323">CalculateField LimDissolv2_Continuo_Manzanas ID_Mz "ND" VB #</Process><Process ToolSource="c:\program files (x86)\arcgis\desktop10.5\ArcToolbox\Toolboxes\Data Management Tools.tbx\CalculateField" Date="20200530" Time="191343">CalculateField LimDissolv2_Continuo_Manzanas Zon_Mz "ND" VB #</Process><Process Name="Intersect" ToolSource="c:\program files (x86)\arcgis\desktop10.5\ArcToolbox\Toolboxes\Analysis Tools.tbx\Intersect" Date="20200530" Time="195459">Intersect "LimDissolv2_Continuo_Manzanas #;Lim_Zonas_PAIS #" C:\SIG_DI\@BASE_INE_CHILE\@Limites_Continuos_AJ\Intersec1.shp ALL # INPUT</Process><Process ToolSource="c:\program files (x86)\arcgis\desktop10.5\ArcToolbox\Toolboxes\Data Management Tools.tbx\CalculateField" Date="20200530" Time="201907">CalculateField Intersec1 Zon_Mz [Zonas] VB #</Process><Process ToolSource="c:\program files (x86)\arcgis\desktop10.5\ArcToolbox\Toolboxes\Data Management Tools.tbx\CalculateField" Date="20200530" Time="202113">CalculateField Intersec1 Manzana "[Zon_Mz] &amp;"000"" VB #</Process><Process Name="Union" ToolSource="c:\program files (x86)\arcgis\desktop10.5\ArcToolbox\Toolboxes\Analysis Tools.tbx\Union" Date="20200530" Time="213707">Union "Intersec1 #;Export_Output_6_Project #" C:\SIG_DI\@BASE_INE_CHILE\@Limites_Continuos_AJ\Intersec2.shp ALL # GAPS</Process><Process ToolSource="c:\program files (x86)\arcgis\desktop10.5\ArcToolbox\Toolboxes\Data Management Tools.tbx\CalculateField" Date="20200530" Time="215537">CalculateField Intersec2 ID_Mz "ND" VB #</Process><Process ToolSource="c:\program files (x86)\arcgis\desktop10.5\ArcToolbox\Toolboxes\Data Management Tools.tbx\CalculateField" Date="20200530" Time="215653">CalculateField Intersec2 Zon_Mz [Zonas] VB #</Process><Process ToolSource="c:\program files (x86)\arcgis\desktop10.5\ArcToolbox\Toolboxes\Data Management Tools.tbx\CalculateField" Date="20200530" Time="215824">CalculateField Intersec2 Manzana "[Zon_Mz] &amp;"000"" VB #</Process><Process Name="Dissolve" ToolSource="c:\program files (x86)\arcgis\desktop10.5\ArcToolbox\Toolboxes\Data Management Tools.tbx\Dissolve" Date="20200530" Time="220533">Dissolve Intersec2 C:\SIG_DI\@BASE_INE_CHILE\@Limites_Continuos_AJ\LimDissolv3_Continuo_Manzanas.shp Manzana "ID_Mz FIRST" MULTI_PART DISSOLVE_LINES</Process><Process ToolSource="c:\program files (x86)\arcgis\desktop10.5\ArcToolbox\Toolboxes\Data Management Tools.tbx\CalculateField" Date="20200530" Time="221212">CalculateField LimDissolv3_Continuo_Manzanas Zona Left( [Manzana],11 ) VB #</Process><Process ToolSource="c:\program files (x86)\arcgis\desktop10.5\ArcToolbox\Toolboxes\Data Management Tools.tbx\CalculateField" Date="20200530" Time="222834">CalculateField LimContinuo_Manzanas Cod_MZ [Manzana] VB #</Process><Process ToolSource="c:\program files (x86)\arcgis\desktop10.5\ArcToolbox\Toolboxes\Data Management Tools.tbx\CalculateField" Date="20200530" Time="222941">CalculateField LimContinuo_Manzanas Cod_Zona [Zona] VB #</Process><Process ToolSource="c:\program files (x86)\arcgis\desktop10.5\ArcToolbox\Toolboxes\Data Management Tools.tbx\CalculateField" Date="20200530" Time="223025">CalculateField LimContinuo_Manzanas Nombre_MZ [FIRST_ID_M] VB #</Process><Process Name="Union" ToolSource="c:\program files (x86)\arcgis\desktop10.5\ArcToolbox\Toolboxes\Analysis Tools.tbx\Union" Date="20200530" Time="225222">Union "LimContinuo_Manzanas #;MZ #" C:\SIG_DI\@BASE_INE_CHILE\@Limites_Continuos_AJ\Lim_Manzanas.shp ALL # GAPS</Process><Process Name="Eliminate" ToolSource="c:\program files (x86)\arcgis\desktop10.5\ArcToolbox\Toolboxes\Data Management Tools.tbx\Eliminate" Date="20200531" Time="231542">Eliminate Lim_SinND_Manzanas C:\SIG_DI\@BASE_INE_CHILE\@Limites_Continuos_AJ\Lim_SinND2_Manzanas.shp LENGTH # #</Process><Process Name="Merge" ToolSource="c:\program files (x86)\arcgis\desktop10.5\ArcToolbox\Toolboxes\Data Management Tools.tbx\Merge" Date="20200531" Time="232237">Merge C:\SIG_DI\@BASE_INE_CHILE\@Limites_Continuos_AJ\Lim_SinND2_Manzanas.shp;Lim_ND_ManzanasYcalles_FINAL C:\SIG_DI\@BASE_INE_CHILE\@Limites_Continuos_AJ\@FINALES\Base_Urbana_CH_FINAL.shp "FID_LimCon "FID_LimCon" true true false 10 Long 0 10 ,First,#,C:\SIG_DI\@BASE_INE_CHILE\@Limites_Continuos_AJ\Lim_SinND2_Manzanas.shp,FID_LimCon,-1,-1;Cod_MZ "Cod_MZ" true true false 50 Text 0 0 ,First,#,C:\SIG_DI\@BASE_INE_CHILE\@Limites_Continuos_AJ\Lim_SinND2_Manzanas.shp,Cod_MZ,-1,-1,Lim_ND_ManzanasYcalles_FINAL,COD_MZ,-1,-1;Cod_Zona "Cod_Zona" true true false 50 Text 0 0 ,First,#,C:\SIG_DI\@BASE_INE_CHILE\@Limites_Continuos_AJ\Lim_SinND2_Manzanas.shp,Cod_Zona,-1,-1,Lim_ND_ManzanasYcalles_FINAL,Cod_Zona,-1,-1;Nombre_MZ "Nombre_MZ" true true false 50 Text 0 0 ,First,#,C:\SIG_DI\@BASE_INE_CHILE\@Limites_Continuos_AJ\Lim_SinND2_Manzanas.shp,Nombre_MZ,-1,-1,Lim_ND_ManzanasYcalles_FINAL,Nombre_MZ,-1,-1;ManzCenso "ManzCenso" true true false 50 Text 0 0 ,First,#,C:\SIG_DI\@BASE_INE_CHILE\@Limites_Continuos_AJ\Lim_SinND2_Manzanas.shp,ManzCenso,-1,-1;CODCallMZ "CODCallMZ" true true false 254 Text 0 0 ,First,#,Lim_ND_ManzanasYcalles_FINAL,CODCallMZ,-1,-1;CodCalle "CodCalle" true true false 50 Text 0 0 ,First,#,Lim_ND_ManzanasYcalles_FINAL,CodCalle,-1,-1;NomCalle "NomCalle" true true false 250 Text 0 0 ,First,#,Lim_ND_ManzanasYcalles_FINAL,NomCalle,-1,-1;Manz_Censo "Manz_Censo" true true false 2 Text 0 0 ,First,#,Lim_ND_ManzanasYcalles_FINAL,Manz_Censo,-1,-1"</Process><Process Name="Merge" ToolSource="c:\program files (x86)\arcgis\desktop10.5\ArcToolbox\Toolboxes\Data Management Tools.tbx\Merge" Date="20200601" Time="160823">Merge Base_Urbana_CH_FINAL;manzanas C:\SIG_DI\@BASE_INE_CHILE\@Limites_Continuos_AJ\@FINALES\Base_Urbana_CH_FINAL2.shp "FID_LimCon "FID_LimCon" true true false 10 Long 0 10 ,First,#,Base_Urbana_CH_FINAL,FID_LimCon,-1,-1;Cod_MZ "Cod_MZ" true true false 50 Text 0 0 ,First,#,Base_Urbana_CH_FINAL,Cod_MZ,-1,-1,manzanas,Cod_MZ,-1,-1;Cod_Zona "Cod_Zona" true true false 50 Text 0 0 ,First,#,Base_Urbana_CH_FINAL,Cod_Zona,-1,-1;Nombre_MZ "Nombre_MZ" true true false 50 Text 0 0 ,First,#,Base_Urbana_CH_FINAL,Nombre_MZ,-1,-1;ManzCenso "ManzCenso" true true false 50 Text 0 0 ,First,#,Base_Urbana_CH_FINAL,ManzCenso,-1,-1;CODCallMZ "CODCallMZ" true true false 254 Text 0 0 ,First,#,Base_Urbana_CH_FINAL,CODCallMZ,-1,-1;CodCalle "CodCalle" true true false 50 Text 0 0 ,First,#,Base_Urbana_CH_FINAL,CodCalle,-1,-1;NomCalle "NomCalle" true true false 250 Text 0 0 ,First,#,Base_Urbana_CH_FINAL,NomCalle,-1,-1;Manz_Censo "Manz_Censo" true true false 2 Text 0 0 ,First,#,Base_Urbana_CH_FINAL,Manz_Censo,-1,-1;FIRST_Cod_ "Cod_Zona" true true false 50 Text 0 0 ,First,#,manzanas,FIRST_Cod_Zona,-1,-1;FIRST_Nomb "Nombre_MZ" true true false 50 Text 0 0 ,First,#,manzanas,FIRST_Nombre_MZ,-1,-1;FIRST_Manz "ManzCenso" true true false 50 Text 0 0 ,First,#,manzanas,FIRST_ManzCenso,-1,-1;Shape_Leng "Shape_Leng" false true true 8 Double 0 0 ,First,#,manzanas,Shape_Length,-1,-1;Shape_Area "Shape_Area" false true true 8 Double 0 0 ,First,#,manzanas,Shape_Area,-1,-1"</Process><Process ToolSource="c:\program files (x86)\arcgis\desktop10.5\ArcToolbox\Toolboxes\Data Management Tools.tbx\CalculateField" Date="20200601" Time="162432">CalculateField Base_Urbana_CH_FINAL2 Cod_Zona [FIRST_Cod_] VB #</Process><Process ToolSource="c:\program files (x86)\arcgis\desktop10.5\ArcToolbox\Toolboxes\Data Management Tools.tbx\CalculateField" Date="20200601" Time="162451">CalculateField Base_Urbana_CH_FINAL2 Nombre_MZ [FIRST_Nomb] VB #</Process><Process ToolSource="c:\program files (x86)\arcgis\desktop10.5\ArcToolbox\Toolboxes\Data Management Tools.tbx\CalculateField" Date="20200601" Time="162507">CalculateField Base_Urbana_CH_FINAL2 ManzCenso [FIRST_Manz] VB #</Process><Process ToolSource="c:\program files (x86)\arcgis\desktop10.5\ArcToolbox\Toolboxes\Data Management Tools.tbx\CalculateField" Date="20200601" Time="163255">CalculateField Base_Urbana_CH_FINAL2 Manz_Censo [ManzCenso] VB #</Process><Process ToolSource="c:\program files (x86)\arcgis\desktop10.5\ArcToolbox\Toolboxes\Data Management Tools.tbx\CalculateField" Date="20200601" Time="164342">CalculateField Base_Urbana_CH_FINAL2 CodCalle "ND" VB #</Process><Process ToolSource="c:\program files (x86)\arcgis\desktop10.5\ArcToolbox\Toolboxes\Data Management Tools.tbx\CalculateField" Date="20200601" Time="164411">CalculateField Base_Urbana_CH_FINAL2 NomCalle "ND" VB #</Process><Process ToolSource="c:\program files (x86)\arcgis\desktop10.5\ArcToolbox\Toolboxes\Data Management Tools.tbx\CalculateField" Date="20200601" Time="164509">CalculateField Base_Urbana_CH_FINAL2 CODCallMZ "[CodCalle] &amp;" " &amp; [Cod_MZ]" VB #</Process><Process ToolSource="c:\program files (x86)\arcgis\desktop10.5\ArcToolbox\Toolboxes\Data Management Tools.tbx\CalculateField" Date="20200601" Time="215956">CalculateField Base_Urbana_CH_FINAL Union 1 VB #</Process><Process Name="Spatial Join" ToolSource="c:\program files (x86)\arcgis\desktop10.5\ArcToolbox\Toolboxes\Analysis Tools.tbx\SpatialJoin" Date="20200601" Time="231230">SpatialJoin Base_Urbana_CH_FINAL Ciudades_Pueblos_Urbanos_Conurbaciones C:\SIG_DI\@BASE_INE_CHILE\@Limites_Continuos_AJ\@FINALES\Base_Urbana_CH_FINAL_CiudadesPueblos.shp JOIN_ONE_TO_ONE KEEP_ALL "Cod_MZ "Cod_MZ" true true false 50 Text 0 0 ,First,#,Base_Urbana_CH_FINAL,Cod_MZ,-1,-1;Cod_Zona "Cod_Zona" true true false 50 Text 0 0 ,First,#,Base_Urbana_CH_FINAL,Cod_Zona,-1,-1;Nombre_MZ "Nombre_MZ" true true false 50 Text 0 0 ,First,#,Base_Urbana_CH_FINAL,Nombre_MZ,-1,-1;CODCallMZ "CODCallMZ" true true false 254 Text 0 0 ,First,#,Base_Urbana_CH_FINAL,CODCallMZ,-1,-1;CodCalle "CodCalle" true true false 50 Text 0 0 ,First,#,Base_Urbana_CH_FINAL,CodCalle,-1,-1;NomCalle "NomCalle" true true false 250 Text 0 0 ,First,#,Base_Urbana_CH_FINAL,NomCalle,-1,-1;Manz_Censo "Manz_Censo" true true false 2 Text 0 0 ,First,#,Base_Urbana_CH_FINAL,Manz_Censo,-1,-1;Union "Union" true true false 5 Long 0 5 ,First,#,Base_Urbana_CH_FINAL,Union,-1,-1;URBANO "URBANO" true true false 80 Text 0 0 ,First,#,Ciudades_Pueblos_Urbanos_Conurbaciones,URBANO,-1,-1;TIPO "TIPO" true true false 80 Text 0 0 ,First,#,Ciudades_Pueblos_Urbanos_Conurbaciones,TIPO,-1,-1;CATEGORIA "CATEGORIA" true true false 80 Text 0 0 ,First,#,Ciudades_Pueblos_Urbanos_Conurbaciones,CATEGORIA,-1,-1;CONURB "CONURB" true true false 80 Text 0 0 ,First,#,Ciudades_Pueblos_Urbanos_Conurbaciones,CONURB,-1,-1" INTERSECT # #</Process><Process ToolSource="c:\program files (x86)\arcgis\desktop10.5\ArcToolbox\Toolboxes\Data Management Tools.tbx\CalculateField" Date="20200618" Time="140118">CalculateField Base_Urbana_CH_FINAL_CiudadesPueblos Cod_Comuna Left( [Cod_MZ],5 ) VB #</Process><Process ToolSource="c:\program files (x86)\arcgis\desktop10.5\ArcToolbox\Toolboxes\Data Management Tools.tbx\CalculateField" Date="20200815" Time="161623">CalculateField Base_Urbana_CH_FINAL_CiudadesPueblos Cod_Reg Left( [Cod_Comuna],2 ) VB #</Process><Process ToolSource="d:\archivos de programa\arcgis\pro\Resources\ArcToolbox\toolboxes\Data Management Tools.tbx\Dissolve" Date="20210818" Time="184429">Dissolve Base_Urbana_CH_FINAL_CiudadesPueblos D:\SIG_COLECCIONES_DI\02_Coleccion_Municipios\Lim_Zonas.shp Cod_Zona # MULTI_PART DISSOLVE_LINES</Process><Process ToolSource="d:\archivos de programa\arcgis\desktop10.8\ArcToolbox\Toolboxes\Data Management Tools.tbx\CalculateField" Date="20210818" Time="184843">CalculateField Lim_Zonas Geocodigo [Cod_Zona] VB #</Process><Process ToolSource="d:\archivos de programa\arcgis\desktop10.8\ArcToolbox\Toolboxes\Data Management Tools.tbx\MultipartToSinglepart" Date="20210819" Time="043744">MultipartToSinglepart Lim_Zonas D:\Documentos\ArcGIS\Default.gdb\Lim_Zonas_MultipartToSinglep</Process><Process ToolSource="d:\archivos de programa\arcgis\desktop10.8\ArcToolbox\Toolboxes\Analysis Tools.tbx\SpatialJoin" Date="20210819" Time="044338">SpatialJoin Lim_Zonas_MultipartToSinglep Microdatos_Censo_2017__Manzana D:\Documentos\ArcGIS\Default.gdb\Lim_Zonas_MultipartToSinglep1 JOIN_ONE_TO_ONE KEEP_ALL "COD_ZonLoc "COD_ZonLoc" true true false 50 Text 0 0 ,First,#,Microdatos_Censo_2017__Manzana,COD_ZonLoc,-1,-1" HAVE_THEIR_CENTER_IN # #</Process><Process ToolSource="d:\archivos de programa\arcgis\desktop10.8\ArcToolbox\Toolboxes\Data Management Tools.tbx\Merge" Date="20210819" Time="060817">Merge Zonas_1;Null_zonas_SpatialJoin2 D:\Documentos\ArcGIS\Default.gdb\Zonas_1_Merge "COD_ZonLoc "COD_ZonLoc" true true false 50 Text 0 0 ,First,#,Zonas_1,COD_ZonLoc,-1,-1,Null_zonas_SpatialJoin2,COD_ZonLoc,-1,-1;Shape_Leng "Shape_Leng" true true false 19 Double 0 0 ,First,#,Zonas_1,Shape_Leng,-1,-1;Shape_Area "Shape_Area" true true false 19 Double 0 0 ,First,#,Zonas_1,Shape_Area,-1,-1,Null_zonas_SpatialJoin2,Shape_Area,-1,-1;Shape_Length "Shape_Length" false true true 8 Double 0 0 ,First,#,Null_zonas_SpatialJoin2,Shape_Length,-1,-1"</Process><Process ToolSource="d:\archivos de programa\arcgis\desktop10.8\ArcToolbox\Toolboxes\Data Management Tools.tbx\Eliminate" Date="20210819" Time="061028">Eliminate Zonas_1_Merge D:\Documentos\ArcGIS\Default.gdb\Zonas_1_Merge_Eliminate LENGTH # #</Process><Process ToolSource="d:\archivos de programa\arcgis\desktop10.8\ArcToolbox\Toolboxes\Data Management Tools.tbx\Dissolve" Date="20210819" Time="061441">Dissolve Zonas_1_Merge_Eliminate D:\SIG_COLECCIONES_DI\02_Coleccion_Municipios\ZonasLoc_Finales\Lim_zonas.shp COD_ZonLoc # MULTI_PART DISSOLVE_LINES</Process><Process ToolSource="d:\archivos de programa\arcgis\desktop10.8\ArcToolbox\Toolboxes\Data Management Tools.tbx\Merge" Date="20210819" Time="061836">Merge Lim_zonas;Lim_loc D:\SIG_COLECCIONES_DI\02_Coleccion_Municipios\ZonasLoc_Finales\Lim_ZONLOC.shp "COD_ZonLoc "COD_ZonLoc" true true false 50 Text 0 0 ,First,#,Lim_zonas,COD_ZonLoc,-1,-1,Lim_loc,COD_ZonLoc,-1,-1"</Process><Process ToolSource="d:\archivos de programa\arcgis\desktop10.8\ArcToolbox\Toolboxes\Data Management Tools.tbx\CalculateField" Date="20210819" Time="062257">CalculateField Lim_ZONLOC Clave [COD_ZonLoc] VB #</Process><Process ToolSource="d:\archivos de programa\arcgis\desktop10.8\ArcToolbox\Toolboxes\Data Management Tools.tbx\CalculateField" Date="20210823" Time="053654">CalculateField Lim_ZONLOC Tipo "Zona" VB #</Process><Process ToolSource="d:\archivos de programa\arcgis\desktop10.8\ArcToolbox\Toolboxes\Data Management Tools.tbx\CalculateField" Date="20210823" Time="053746">CalculateField Lim_ZONLOC Tipo "Localidad" VB #</Process><Process ToolSource="d:\archivos de programa\arcgis\desktop10.8\ArcToolbox\Toolboxes\Data Management Tools.tbx\JoinField" Date="20210823" Time="062637">JoinField Lim_ZONLOC COD_ZonLoc Microdatos_Censo_2017__Entidad COD_ZonLoc COD_REGION;REGION;COD_PROVIN;PROVINCIA;COD_COMUNA;NOMBRE_COM</Process><Process ToolSource="d:\archivos de programa\arcgis\pro\Resources\ArcToolbox\toolboxes\Conversion Tools.tbx\FeatureClassToFeatureClass" Date="20210831" Time="164953">FeatureClassToFeatureClass Lim_ZONLOC D:\SIG_COLECCIONES_DI\02_Coleccion_Municipios\BASE_GEO_CENSO Base_LOCALIDADES.shp # "COD_ZonLoc "COD_ZonLoc" true true false 50 Text 0 0,First,#,Lim_ZONLOC,COD_ZonLoc,0,50;Clave "Clave" true true false 19 Double 0 0,First,#,Lim_ZONLOC,Clave,-1,-1;Nombre "Nombre" true true false 250 Text 0 0,First,#,Lim_ZONLOC,Nombre,0,250;Tipo "Tipo" true true false 50 Text 0 0,First,#,Lim_ZONLOC,Tipo,0,50;COD_REGION "COD_REGION" true true false 19 Double 0 0,First,#,Lim_ZONLOC,COD_REGION,-1,-1;REGION "REGION" true true false 55 Text 0 0,First,#,Lim_ZONLOC,REGION,0,55;COD_PROVIN "COD_PROVIN" true true false 19 Double 0 0,First,#,Lim_ZONLOC,COD_PROVIN,-1,-1;PROVINCIA "PROVINCIA" true true false 23 Text 0 0,First,#,Lim_ZONLOC,PROVINCIA,0,23;COD_COMUNA "COD_COMUNA" true true false 19 Double 0 0,First,#,Lim_ZONLOC,COD_COMUNA,-1,-1;NOMBRE_COM "NOMBRE_COM" true true false 20 Text 0 0,First,#,Lim_ZONLOC,NOMBRE_COM,0,20" #</Process><Process ToolSource="d:\archivos de programa\arcgis\pro\Resources\ArcToolbox\toolboxes\Data Management Tools.tbx\Merge" Date="20210831" Time="165132">Merge Base_LOCALIDADES;Base_ZONAS_CiudadesPueblos_v2 D:\SIG_COLECCIONES_DI\02_Coleccion_Municipios\BASE_GEO_CENSO\Base_FINAL_ZON_LOC.shp "COD_ZonLoc "COD_ZonLoc" true true false 50 Text 0 0,First,#,Base_LOCALIDADES,COD_ZonLoc,0,50,Base_ZONAS_CiudadesPueblos_v2,COD_ZonLoc,0,50;Clave "Clave" true true false 19 Double 0 0,First,#,Base_LOCALIDADES,Clave,-1,-1,Base_ZONAS_CiudadesPueblos_v2,Clave,-1,-1;Nombre "Nombre" true true false 250 Text 0 0,First,#,Base_LOCALIDADES,Nombre,0,250,Base_ZONAS_CiudadesPueblos_v2,Nombre,0,250;Tipo "Tipo" true true false 50 Text 0 0,First,#,Base_LOCALIDADES,Tipo,0,50,Base_ZONAS_CiudadesPueblos_v2,Tipo,0,50;COD_REGION "COD_REGION" true true false 19 Double 0 0,First,#,Base_LOCALIDADES,COD_REGION,-1,-1,Base_ZONAS_CiudadesPueblos_v2,COD_REGION,-1,-1;REGION "REGION" true true false 55 Text 0 0,First,#,Base_LOCALIDADES,REGION,0,55,Base_ZONAS_CiudadesPueblos_v2,REGION,0,55;COD_PROVIN "COD_PROVIN" true true false 19 Double 0 0,First,#,Base_LOCALIDADES,COD_PROVIN,-1,-1,Base_ZONAS_CiudadesPueblos_v2,COD_PROVIN,-1,-1;PROVINCIA "PROVINCIA" true true false 23 Text 0 0,First,#,Base_LOCALIDADES,PROVINCIA,0,23,Base_ZONAS_CiudadesPueblos_v2,PROVINCIA,0,23;COD_COMUNA "COD_COMUNA" true true false 19 Double 0 0,First,#,Base_LOCALIDADES,COD_COMUNA,-1,-1,Base_ZONAS_CiudadesPueblos_v2,COD_COMUNA,-1,-1;NOMBRE_COM "NOMBRE_COM" true true false 20 Text 0 0,First,#,Base_LOCALIDADES,NOMBRE_COM,0,20,Base_ZONAS_CiudadesPueblos_v2,NOMBRE_COM,0,20;Cod_Zona "Cod_Zona" true true false 50 Text 0 0,First,#,Base_ZONAS_CiudadesPueblos_v2,Cod_Zona,0,50;Cod_Zona_1 "Cod_Zona_1" true true false 50 Text 0 0,First,#,Base_ZONAS_CiudadesPueblos_v2,Cod_Zona_1,0,50;URBANO "URBANO" true true false 80 Text 0 0,First,#,Base_ZONAS_CiudadesPueblos_v2,URBANO,0,80;TIPO_1 "TIPO_1" true true false 80 Text 0 0,First,#,Base_ZONAS_CiudadesPueblos_v2,TIPO_1,0,80;CATEGORIA "CATEGORIA" true true false 80 Text 0 0,First,#,Base_ZONAS_CiudadesPueblos_v2,CATEGORIA,0,80;CONURB "CONURB" true true false 80 Text 0 0,First,#,Base_ZONAS_CiudadesPueblos_v2,CONURB,0,80;NOM_URBANO "NOM_URBANO" true true false 254 Text 0 0,First,#,Base_ZONAS_CiudadesPueblos_v2,NOM_URBANO,0,254;NOMBRE_DIS "NOMBRE_DIS" true true false 24 Text 0 0,First,#,Base_ZONAS_CiudadesPueblos_v2,NOMBRE_DIS,0,24;NOM_ZONA "NOM_ZONA" true true false 254 Text 0 0,First,#,Base_ZONAS_CiudadesPueblos_v2,NOM_ZONA,0,254" NO_SOURCE_INFO</Process><Process ToolSource="d:\archivos de programa\arcgis\pro\Resources\ArcToolbox\toolboxes\Data Management Tools.tbx\DeleteField" Date="20210831" Time="165231">DeleteField Base_FINAL_ZON_LOC Cod_Zona</Process><Process ToolSource="d:\archivos de programa\arcgis\pro\Resources\ArcToolbox\toolboxes\Data Management Tools.tbx\DeleteField" Date="20210831" Time="165237">DeleteField Base_FINAL_ZON_LOC Cod_Zona_1</Process><Process ToolSource="d:\archivos de programa\arcgis\pro\Resources\ArcToolbox\toolboxes\Conversion Tools.tbx\FeatureClassToFeatureClass" Date="20210831" Time="165514">FeatureClassToFeatureClass Base_FINAL_ZON_LOC D:\SIG_COLECCIONES_DI\02_Coleccion_Municipios\SHAPE_FINALES Censo2017_POByVIV_ZONLOC.shp # "COD_ZonLoc "COD_ZonLoc" true true false 50 Text 0 0,First,#,Base_FINAL_ZON_LOC,COD_ZonLoc,0,50;Clave "Clave" true true false 19 Double 0 0,First,#,Base_FINAL_ZON_LOC,Clave,-1,-1;Nombre "Nombre" true true false 250 Text 0 0,First,#,Base_FINAL_ZON_LOC,Nombre,0,250;Tipo "Tipo" true true false 50 Text 0 0,First,#,Base_FINAL_ZON_LOC,Tipo,0,50;COD_REGION "COD_REGION" true true false 19 Double 0 0,First,#,Base_FINAL_ZON_LOC,COD_REGION,-1,-1;REGION "REGION" true true false 55 Text 0 0,First,#,Base_FINAL_ZON_LOC,REGION,0,55;COD_PROVIN "COD_PROVIN" true true false 19 Double 0 0,First,#,Base_FINAL_ZON_LOC,COD_PROVIN,-1,-1;PROVINCIA "PROVINCIA" true true false 23 Text 0 0,First,#,Base_FINAL_ZON_LOC,PROVINCIA,0,23;COD_COMUNA "COD_COMUNA" true true false 19 Double 0 0,First,#,Base_FINAL_ZON_LOC,COD_COMUNA,-1,-1;NOMBRE_COM "NOMBRE_COM" true true false 20 Text 0 0,First,#,Base_FINAL_ZON_LOC,NOMBRE_COM,0,20;URBANO "URBANO" true true false 80 Text 0 0,First,#,Base_FINAL_ZON_LOC,URBANO,0,80;TIPO_1 "TIPO_1" true true false 80 Text 0 0,First,#,Base_FINAL_ZON_LOC,TIPO_1,0,80;CATEGORIA "CATEGORIA" true true false 80 Text 0 0,First,#,Base_FINAL_ZON_LOC,CATEGORIA,0,80;CONURB "CONURB" true true false 80 Text 0 0,First,#,Base_FINAL_ZON_LOC,CONURB,0,80;NOM_URBANO "NOM_URBANO" true true false 254 Text 0 0,First,#,Base_FINAL_ZON_LOC,NOM_URBANO,0,254;NOMBRE_DIS "NOMBRE_DIS" true true false 24 Text 0 0,First,#,Base_FINAL_ZON_LOC,NOMBRE_DIS,0,24;NOM_ZONA "NOM_ZONA" true true false 254 Text 0 0,First,#,Base_FINAL_ZON_LOC,NOM_ZONA,0,254" #</Process><Process ToolSource="d:\archivos de programa\arcgis\pro\Resources\ArcToolbox\toolboxes\Conversion Tools.tbx\FeatureClassToFeatureClass" Date="20210831" Time="165749">FeatureClassToFeatureClass Censo2017_POByVIV_ZONLOC D:\Documentos\ArcGIS\Projects\MyProject7\MyProject7.gdb hhh # "COD_ZonLoc "COD_ZonLoc" true true false 50 Text 0 0,First,#,Censo2017_POByVIV_ZONLOC,COD_ZonLoc,0,50;Clave "Clave" true true false 19 Double 0 0,First,#,Censo2017_POByVIV_ZONLOC,Clave,-1,-1;Nombre "Nombre" true true false 250 Text 0 0,First,#,Censo2017_POByVIV_ZONLOC,Nombre,0,250;Tipo "Tipo" true true false 50 Text 0 0,First,#,Censo2017_POByVIV_ZONLOC,Tipo,0,50;COD_REGION "COD_REGION" true true false 19 Double 0 0,First,#,Censo2017_POByVIV_ZONLOC,COD_REGION,-1,-1;REGION "REGION" true true false 55 Text 0 0,First,#,Censo2017_POByVIV_ZONLOC,REGION,0,55;COD_PROVIN "COD_PROVIN" true true false 19 Double 0 0,First,#,Censo2017_POByVIV_ZONLOC,COD_PROVIN,-1,-1;PROVINCIA "PROVINCIA" true true false 23 Text 0 0,First,#,Censo2017_POByVIV_ZONLOC,PROVINCIA,0,23;COD_COMUNA "COD_COMUNA" true true false 19 Double 0 0,First,#,Censo2017_POByVIV_ZONLOC,COD_COMUNA,-1,-1;NOMBRE_COM "NOMBRE_COM" true true false 20 Text 0 0,First,#,Censo2017_POByVIV_ZONLOC,NOMBRE_COM,0,20;URBANO "URBANO" true true false 80 Text 0 0,First,#,Censo2017_POByVIV_ZONLOC,URBANO,0,80;TIPO_1 "TIPO_1" true true false 80 Text 0 0,First,#,Censo2017_POByVIV_ZONLOC,TIPO_1,0,80;CATEGORIA "CATEGORIA" true true false 80 Text 0 0,First,#,Censo2017_POByVIV_ZONLOC,CATEGORIA,0,80;CONURB "CONURB" true true false 80 Text 0 0,First,#,Censo2017_POByVIV_ZONLOC,CONURB,0,80;NOM_URBANO "NOM_URBANO" true true false 254 Text 0 0,First,#,Censo2017_POByVIV_ZONLOC,NOM_URBANO,0,254;NOMBRE_DIS "NOMBRE_DIS" true true false 24 Text 0 0,First,#,Censo2017_POByVIV_ZONLOC,NOMBRE_DIS,0,24;NOM_ZONA "NOM_ZONA" true true false 254 Text 0 0,First,#,Censo2017_POByVIV_ZONLOC,NOM_ZONA,0,254" #</Process><Process ToolSource="d:\archivos de programa\arcgis\pro\Resources\ArcToolbox\toolboxes\Data Management Tools.tbx\JoinField" Date="20210831" Time="165824">JoinField hhh Clave DBF_Tabla_Personas_ZONAS CLAVE AsisEdu_NO;AsisEdu_Nu;AsisEdu_SI;CLAVE;Curso_0;Curso_1;Curso_2;Curso_3;Curso_4;Curso_5;Curso_6;Curso_7;Curso_8;Emig_00_09;Emig_10_17;Emig_90_99;Emig_ant90;ID_ZONA_LO;ind_Aymara;ind_Colla;ind_Diagui;ind_Kawesq;ind_LicanA;ind_Mapuch;ind_o_Afro;ind_o_AL;ind_o_Chan;ind_o_Chon;ind_o_Huil;ind_o_Lafq;ind_o_Mund;ind_o_NoDe;ind_o_Ona;ind_o_Otro;ind_o_Pehu;ind_o_Picu;ind_o_Tehu;ind_Otros;ind_Quechu;ind_RapaNu;ind_Yagan_;indG_Aymar;indG_Colla;indG_Diagu;indG_Kawes;indG_Lican;indG_Mapuc;indG_Otros;indG_Quech;indG_RapaN;indG_Yagan;Pob_0_5;Pob_11_15;Pob_16_20;Pob_21_25;Pob_26_30;Pob_31_35;Pob_36_40;Pob_41_45;Pob_46_50;Pob_51_55;Pob_56_60;Pob_6_10;Pob_61_65;Pob_66_70;Pob_71_75;Pob_76_80;Pob_81_85;Pob_86_90;Pob_mayor_;PobIndigen;PobTotH;PobTotM;Trabajo_1;Trabajo_2;Trabajo_3;Trabajo_4;Trabajo_5;Trabajo_6;Trabajo_7;Trabajo_8</Process><Process ToolSource="d:\archivos de programa\arcgis\pro\Resources\ArcToolbox\toolboxes\Data Management Tools.tbx\JoinField" Date="20210901" Time="073844">JoinField hhh Clave DBF_Tabla_Viviendas_ZONAS CLAVE HogaresTot;ID_ZONA_LO;NoViv_call;NoViv_tran;Piezas_0;Piezas_1;Piezas_2;Piezas_3;Piezas_4;Piezas_5;Piezas_6om;PobTotal;vAguCAMION;vAguPOZO;vAguRedPUB;vAguRIO;VivCasa;VivColect;VivDepto;VivIndig;VivMedAgua;VivMovil;VivOtroTip;VivPieza;VivTotal;vPareALBAN;vPareBARRO;vPareFORRO;vPareHORMI;vParePRECA;VpiBALDOSA;VpiCAPCEME;VpiPARQUET;VpiRADIER;VpiTIERRA;vPsinFORRO;vTechFONOL;vTechLOSA;vTechMETAL;vTechPAJA;vTechPRECA;vTechTEJA;vTnoCubSol</Process><Process ToolSource="d:\archivos de programa\arcgis\pro\Resources\ArcToolbox\toolboxes\Conversion Tools.tbx\FeatureClassToFeatureClass" Date="20210901" Time="074500">FeatureClassToFeatureClass hhh D:\SIG_COLECCIONES_DI\02_Coleccion_Municipios\SHAPE_FINALES Censo2017_POByVIV_ZONLOC_FINAL.shp # "COD_ZonLoc "COD_ZonLoc" true true false 50 Text 0 0,First,#,hhh,COD_ZonLoc,0,50;Clave "Clave" true true false 8 Double 0 0,First,#,hhh,Clave,-1,-1;Nombre "Nombre" true true false 250 Text 0 0,First,#,hhh,Nombre,0,250;Tipo "Tipo" true true false 50 Text 0 0,First,#,hhh,Tipo,0,50;COD_REGION "COD_REGION" true true false 8 Double 0 0,First,#,hhh,COD_REGION,-1,-1;REGION "REGION" true true false 55 Text 0 0,First,#,hhh,REGION,0,55;COD_PROVIN "COD_PROVIN" true true false 8 Double 0 0,First,#,hhh,COD_PROVIN,-1,-1;PROVINCIA "PROVINCIA" true true false 23 Text 0 0,First,#,hhh,PROVINCIA,0,23;COD_COMUNA "COD_COMUNA" true true false 8 Double 0 0,First,#,hhh,COD_COMUNA,-1,-1;NOMBRE_COM "NOMBRE_COM" true true false 20 Text 0 0,First,#,hhh,NOMBRE_COM,0,20;URBANO "URBANO" true true false 80 Text 0 0,First,#,hhh,URBANO,0,80;TIPO_1 "TIPO_1" true true false 80 Text 0 0,First,#,hhh,TIPO_1,0,80;CATEGORIA "CATEGORIA" true true false 80 Text 0 0,First,#,hhh,CATEGORIA,0,80;CONURB "CONURB" true true false 80 Text 0 0,First,#,hhh,CONURB,0,80;NOM_URBANO "NOM_URBANO" true true false 254 Text 0 0,First,#,hhh,NOM_URBANO,0,254;NOMBRE_DIS "NOMBRE_DIS" true true false 24 Text 0 0,First,#,hhh,NOMBRE_DIS,0,24;NOM_ZONA "NOM_ZONA" true true false 254 Text 0 0,First,#,hhh,NOM_ZONA,0,254;Shape_Leng "Shape_Length" false true true 8 Double 0 0,First,#,hhh,Shape_Length,-1,-1;Shape_Area "Shape_Area" false true true 8 Double 0 0,First,#,hhh,Shape_Area,-1,-1;ID_ZONA_LO "ID_ZONA_LO" true true false 4 Long 0 0,First,#,hhh,ID_ZONA_LO,-1,-1;CLAVE_1 "CLAVE_1" true true false 8 Double 0 0,First,#,hhh,CLAVE_1,-1,-1;PobTotH "PobTotH" true true false 4 Long 0 0,First,#,hhh,PobTotH,-1,-1;PobTotM "PobTotM" true true false 4 Long 0 0,First,#,hhh,PobTotM,-1,-1;Pob_0_5 "Pob_0_5" true true false 4 Long 0 0,First,#,hhh,Pob_0_5,-1,-1;Pob_6_10 "Pob_6_10" true true false 4 Long 0 0,First,#,hhh,Pob_6_10,-1,-1;Pob_11_15 "Pob_11_15" true true false 4 Long 0 0,First,#,hhh,Pob_11_15,-1,-1;Pob_16_20 "Pob_16_20" true true false 4 Long 0 0,First,#,hhh,Pob_16_20,-1,-1;Pob_21_25 "Pob_21_25" true true false 4 Long 0 0,First,#,hhh,Pob_21_25,-1,-1;Pob_26_30 "Pob_26_30" true true false 4 Long 0 0,First,#,hhh,Pob_26_30,-1,-1;Pob_31_35 "Pob_31_35" true true false 4 Long 0 0,First,#,hhh,Pob_31_35,-1,-1;Pob_36_40 "Pob_36_40" true true false 4 Long 0 0,First,#,hhh,Pob_36_40,-1,-1;Pob_41_45 "Pob_41_45" true true false 4 Long 0 0,First,#,hhh,Pob_41_45,-1,-1;Pob_46_50 "Pob_46_50" true true false 4 Long 0 0,First,#,hhh,Pob_46_50,-1,-1;Pob_51_55 "Pob_51_55" true true false 4 Long 0 0,First,#,hhh,Pob_51_55,-1,-1;Pob_56_60 "Pob_56_60" true true false 4 Long 0 0,First,#,hhh,Pob_56_60,-1,-1;Pob_61_65 "Pob_61_65" true true false 4 Long 0 0,First,#,hhh,Pob_61_65,-1,-1;Pob_66_70 "Pob_66_70" true true false 4 Long 0 0,First,#,hhh,Pob_66_70,-1,-1;Pob_71_75 "Pob_71_75" true true false 4 Long 0 0,First,#,hhh,Pob_71_75,-1,-1;Pob_76_80 "Pob_76_80" true true false 4 Long 0 0,First,#,hhh,Pob_76_80,-1,-1;Pob_81_85 "Pob_81_85" true true false 4 Long 0 0,First,#,hhh,Pob_81_85,-1,-1;Pob_86_90 "Pob_86_90" true true false 4 Long 0 0,First,#,hhh,Pob_86_90,-1,-1;Pob_mayor_ "Pob_mayor_" true true false 4 Long 0 0,First,#,hhh,Pob_mayor_,-1,-1;Emig_10_17 "Emig_10_17" true true false 4 Long 0 0,First,#,hhh,Emig_10_17,-1,-1;Emig_00_09 "Emig_00_09" true true false 4 Long 0 0,First,#,hhh,Emig_00_09,-1,-1;Emig_90_99 "Emig_90_99" true true false 4 Long 0 0,First,#,hhh,Emig_90_99,-1,-1;Emig_ant90 "Emig_ant90" true true false 4 Long 0 0,First,#,hhh,Emig_ant90,-1,-1;AsisEdu_SI "AsisEdu_SI" true true false 4 Long 0 0,First,#,hhh,AsisEdu_SI,-1,-1;AsisEdu_NO "AsisEdu_NO" true true false 4 Long 0 0,First,#,hhh,AsisEdu_NO,-1,-1;AsisEdu_Nu "AsisEdu_Nu" true true false 4 Long 0 0,First,#,hhh,AsisEdu_Nu,-1,-1;Curso_0 "Curso_0" true true false 4 Long 0 0,First,#,hhh,Curso_0,-1,-1;Curso_1 "Curso_1" true true false 4 Long 0 0,First,#,hhh,Curso_1,-1,-1;Curso_2 "Curso_2" true true false 4 Long 0 0,First,#,hhh,Curso_2,-1,-1;Curso_3 "Curso_3" true true false 4 Long 0 0,First,#,hhh,Curso_3,-1,-1;Curso_4 "Curso_4" true true false 4 Long 0 0,First,#,hhh,Curso_4,-1,-1;Curso_5 "Curso_5" true true false 4 Long 0 0,First,#,hhh,Curso_5,-1,-1;Curso_6 "Curso_6" true true false 4 Long 0 0,First,#,hhh,Curso_6,-1,-1;Curso_7 "Curso_7" true true false 4 Long 0 0,First,#,hhh,Curso_7,-1,-1;Curso_8 "Curso_8" true true false 4 Long 0 0,First,#,hhh,Curso_8,-1,-1;PobIndigen "PobIndigen" true true false 4 Long 0 0,First,#,hhh,PobIndigen,-1,-1;ind_Mapuch "ind_Mapuch" true true false 4 Long 0 0,First,#,hhh,ind_Mapuch,-1,-1;ind_Aymara "ind_Aymara" true true false 4 Long 0 0,First,#,hhh,ind_Aymara,-1,-1;ind_RapaNu "ind_RapaNu" true true false 4 Long 0 0,First,#,hhh,ind_RapaNu,-1,-1;ind_LicanA "ind_LicanA" true true false 4 Long 0 0,First,#,hhh,ind_LicanA,-1,-1;ind_Quechu "ind_Quechu" true true false 4 Long 0 0,First,#,hhh,ind_Quechu,-1,-1;ind_Colla "ind_Colla" true true false 4 Long 0 0,First,#,hhh,ind_Colla,-1,-1;ind_Diagui "ind_Diagui" true true false 4 Long 0 0,First,#,hhh,ind_Diagui,-1,-1;ind_Kawesq "ind_Kawesq" true true false 4 Long 0 0,First,#,hhh,ind_Kawesq,-1,-1;ind_Yagan_ "ind_Yagan_" true true false 4 Long 0 0,First,#,hhh,ind_Yagan_,-1,-1;ind_Otros "ind_Otros" true true false 4 Long 0 0,First,#,hhh,ind_Otros,-1,-1;indG_Mapuc "indG_Mapuc" true true false 4 Long 0 0,First,#,hhh,indG_Mapuc,-1,-1;indG_Aymar "indG_Aymar" true true false 4 Long 0 0,First,#,hhh,indG_Aymar,-1,-1;indG_RapaN "indG_RapaN" true true false 4 Long 0 0,First,#,hhh,indG_RapaN,-1,-1;indG_Lican "indG_Lican" true true false 4 Long 0 0,First,#,hhh,indG_Lican,-1,-1;indG_Quech "indG_Quech" true true false 4 Long 0 0,First,#,hhh,indG_Quech,-1,-1;indG_Colla "indG_Colla" true true false 4 Long 0 0,First,#,hhh,indG_Colla,-1,-1;indG_Diagu "indG_Diagu" true true false 4 Long 0 0,First,#,hhh,indG_Diagu,-1,-1;indG_Kawes "indG_Kawes" true true false 4 Long 0 0,First,#,hhh,indG_Kawes,-1,-1;indG_Yagan "indG_Yagan" true true false 4 Long 0 0,First,#,hhh,indG_Yagan,-1,-1;indG_Otros "indG_Otros" true true false 4 Long 0 0,First,#,hhh,indG_Otros,-1,-1;ind_o_Lafq "ind_o_Lafq" true true false 4 Long 0 0,First,#,hhh,ind_o_Lafq,-1,-1;ind_o_Pehu "ind_o_Pehu" true true false 4 Long 0 0,First,#,hhh,ind_o_Pehu,-1,-1;ind_o_Huil "ind_o_Huil" true true false 4 Long 0 0,First,#,hhh,ind_o_Huil,-1,-1;ind_o_Picu "ind_o_Picu" true true false 4 Long 0 0,First,#,hhh,ind_o_Picu,-1,-1;ind_o_Chan "ind_o_Chan" true true false 4 Long 0 0,First,#,hhh,ind_o_Chan,-1,-1;ind_o_Chon "ind_o_Chon" true true false 4 Long 0 0,First,#,hhh,ind_o_Chon,-1,-1;ind_o_Ona "ind_o_Ona" true true false 4 Long 0 0,First,#,hhh,ind_o_Ona,-1,-1;ind_o_Tehu "ind_o_Tehu" true true false 4 Long 0 0,First,#,hhh,ind_o_Tehu,-1,-1;ind_o_AL "ind_o_AL" true true false 4 Long 0 0,First,#,hhh,ind_o_AL,-1,-1;ind_o_Mund "ind_o_Mund" true true false 4 Long 0 0,First,#,hhh,ind_o_Mund,-1,-1;ind_o_Afro "ind_o_Afro" true true false 4 Long 0 0,First,#,hhh,ind_o_Afro,-1,-1;ind_o_Otro "ind_o_Otro" true true false 4 Long 0 0,First,#,hhh,ind_o_Otro,-1,-1;ind_o_NoDe "ind_o_NoDe" true true false 4 Long 0 0,First,#,hhh,ind_o_NoDe,-1,-1;Trabajo_1 "Trabajo_1" true true false 4 Long 0 0,First,#,hhh,Trabajo_1,-1,-1;Trabajo_2 "Trabajo_2" true true false 4 Long 0 0,First,#,hhh,Trabajo_2,-1,-1;Trabajo_3 "Trabajo_3" true true false 4 Long 0 0,First,#,hhh,Trabajo_3,-1,-1;Trabajo_4 "Trabajo_4" true true false 4 Long 0 0,First,#,hhh,Trabajo_4,-1,-1;Trabajo_5 "Trabajo_5" true true false 4 Long 0 0,First,#,hhh,Trabajo_5,-1,-1;Trabajo_6 "Trabajo_6" true true false 4 Long 0 0,First,#,hhh,Trabajo_6,-1,-1;Trabajo_7 "Trabajo_7" true true false 4 Long 0 0,First,#,hhh,Trabajo_7,-1,-1;Trabajo_8 "Trabajo_8" true true false 4 Long 0 0,First,#,hhh,Trabajo_8,-1,-1;ID_ZONA__1 "ID_ZONA_LO_1" true true false 4 Long 0 0,First,#,hhh,ID_ZONA_LO_1,-1,-1;VivTotal "VivTotal" true true false 4 Long 0 0,First,#,hhh,VivTotal,-1,-1;HogaresTot "HogaresTot" true true false 4 Long 0 0,First,#,hhh,HogaresTot,-1,-1;PobTotal "PobTotal" true true false 4 Long 0 0,First,#,hhh,PobTotal,-1,-1;VivCasa "VivCasa" true true false 4 Long 0 0,First,#,hhh,VivCasa,-1,-1;VivDepto "VivDepto" true true false 4 Long 0 0,First,#,hhh,VivDepto,-1,-1;VivIndig "VivIndig" true true false 4 Long 0 0,First,#,hhh,VivIndig,-1,-1;VivPieza "VivPieza" true true false 4 Long 0 0,First,#,hhh,VivPieza,-1,-1;VivMedAgua "VivMedAgua" true true false 4 Long 0 0,First,#,hhh,VivMedAgua,-1,-1;VivMovil "VivMovil" true true false 4 Long 0 0,First,#,hhh,VivMovil,-1,-1;VivOtroTip "VivOtroTip" true true false 4 Long 0 0,First,#,hhh,VivOtroTip,-1,-1;VivColect "VivColect" true true false 4 Long 0 0,First,#,hhh,VivColect,-1,-1;NoViv_tran "NoViv_tran" true true false 4 Long 0 0,First,#,hhh,NoViv_tran,-1,-1;NoViv_call "NoViv_call" true true false 4 Long 0 0,First,#,hhh,NoViv_call,-1,-1;vPareHORMI "vPareHORMI" true true false 4 Long 0 0,First,#,hhh,vPareHORMI,-1,-1;vPareALBAN "vPareALBAN" true true false 4 Long 0 0,First,#,hhh,vPareALBAN,-1,-1;vPareFORRO "vPareFORRO" true true false 4 Long 0 0,First,#,hhh,vPareFORRO,-1,-1;vPsinFORRO "vPsinFORRO" true true false 4 Long 0 0,First,#,hhh,vPsinFORRO,-1,-1;vPareBARRO "vPareBARRO" true true false 4 Long 0 0,First,#,hhh,vPareBARRO,-1,-1;vParePRECA "vParePRECA" true true false 4 Long 0 0,First,#,hhh,vParePRECA,-1,-1;vTechTEJA "vTechTEJA" true true false 4 Long 0 0,First,#,hhh,vTechTEJA,-1,-1;vTechLOSA "vTechLOSA" true true false 4 Long 0 0,First,#,hhh,vTechLOSA,-1,-1;vTechMETAL "vTechMETAL" true true false 4 Long 0 0,First,#,hhh,vTechMETAL,-1,-1;vTechFONOL "vTechFONOL" true true false 4 Long 0 0,First,#,hhh,vTechFONOL,-1,-1;vTechPAJA "vTechPAJA" true true false 4 Long 0 0,First,#,hhh,vTechPAJA,-1,-1;vTechPRECA "vTechPRECA" true true false 4 Long 0 0,First,#,hhh,vTechPRECA,-1,-1;vTnoCubSol "vTnoCubSol" true true false 4 Long 0 0,First,#,hhh,vTnoCubSol,-1,-1;VpiPARQUET "VpiPARQUET" true true false 4 Long 0 0,First,#,hhh,VpiPARQUET,-1,-1;VpiRADIER "VpiRADIER" true true false 4 Long 0 0,First,#,hhh,VpiRADIER,-1,-1;VpiBALDOSA "VpiBALDOSA" true true false 4 Long 0 0,First,#,hhh,VpiBALDOSA,-1,-1;VpiCAPCEME "VpiCAPCEME" true true false 4 Long 0 0,First,#,hhh,VpiCAPCEME,-1,-1;VpiTIERRA "VpiTIERRA" true true false 4 Long 0 0,First,#,hhh,VpiTIERRA,-1,-1;Piezas_0 "Piezas_0" true true false 4 Long 0 0,First,#,hhh,Piezas_0,-1,-1;Piezas_1 "Piezas_1" true true false 4 Long 0 0,First,#,hhh,Piezas_1,-1,-1;Piezas_2 "Piezas_2" true true false 4 Long 0 0,First,#,hhh,Piezas_2,-1,-1;Piezas_3 "Piezas_3" true true false 4 Long 0 0,First,#,hhh,Piezas_3,-1,-1;Piezas_4 "Piezas_4" true true false 4 Long 0 0,First,#,hhh,Piezas_4,-1,-1;Piezas_5 "Piezas_5" true true false 4 Long 0 0,First,#,hhh,Piezas_5,-1,-1;Piezas_6om "Piezas_6om" true true false 4 Long 0 0,First,#,hhh,Piezas_6om,-1,-1;vAguRedPUB "vAguRedPUB" true true false 4 Long 0 0,First,#,hhh,vAguRedPUB,-1,-1;vAguPOZO "vAguPOZO" true true false 4 Long 0 0,First,#,hhh,vAguPOZO,-1,-1;vAguCAMION "vAguCAMION" true true false 4 Long 0 0,First,#,hhh,vAguCAMION,-1,-1;vAguRIO "vAguRIO" true true false 4 Long 0 0,First,#,hhh,vAguRIO,-1,-1" #</Process><Process ToolSource="d:\archivos de programa\arcgis\pro\Resources\ArcToolbox\toolboxes\Data Management Tools.tbx\DeleteField" Date="20210901" Time="081423">DeleteField Censo2017_POByVIV_ZONLOC_FINAL NOM_ZONA</Process><Process ToolSource="d:\archivos de programa\arcgis\pro\Resources\ArcToolbox\toolboxes\Analysis Tools.tbx\Select" Date="20210901" Time="175225">Select Censo2017_POByVIV_ZONLOC_FINAL "D:\SIG_COLECCIONES_DI\02_Coleccion_Municipios\SHAPE_FINALES\POR REGION\15_0.shp" ""COD_REGION" = 15.0"</Process></lineage><itemProps><itemName Sync="TRUE">15_0</itemName><imsContentType Sync="TRUE">002</imsContentType><itemSize Sync="TRUE">0.000</itemSize><itemLocation><linkage Sync="TRUE">file://\\DESKTOP-EBMBH4K\D$\SIG_COLECCIONES_DI\02_Coleccion_Municipios\SHAPE_FINALES\POR REGION\15_0.shp</linkage><protocol Sync="TRUE">Local Area Network</protocol></itemLocation></itemProps><coordRef><type Sync="TRUE">Geographic</type><geogcsn Sync="TRUE">GCS_WGS_1984</geogcsn><csUnits Sync="TRUE">Angular Unit: Degree (0.017453)</csUnits><peXml Sync="TRUE">&lt;GeographicCoordinateSystem xsi:type='typens:GeographicCoordinateSystem' xmlns:xsi='http://www.w3.org/2001/XMLSchema-instance' xmlns:xs='http://www.w3.org/2001/XMLSchema' xmlns:typens='http://www.esri.com/schemas/ArcGIS/2.5.0'&gt;&lt;WKT&gt;GEOGCS[&amp;quot;GCS_WGS_1984&amp;quot;,DATUM[&amp;quot;D_WGS_1984&amp;quot;,SPHEROID[&amp;quot;WGS_1984&amp;quot;,6378137.0,298.257223563]],PRIMEM[&amp;quot;Greenwich&amp;quot;,0.0],UNIT[&amp;quot;Degree&amp;quot;,0.0174532925199433],AUTHORITY[&amp;quot;EPSG&amp;quot;,4326]]&lt;/WKT&gt;&lt;XOrigin&gt;-400&lt;/XOrigin&gt;&lt;YOrigin&gt;-400&lt;/YOrigin&gt;&lt;XYScale&gt;11258999068426.238&lt;/XYScale&gt;&lt;ZOrigin&gt;-100000&lt;/ZOrigin&gt;&lt;ZScale&gt;10000&lt;/ZScale&gt;&lt;MOrigin&gt;-100000&lt;/MOrigin&gt;&lt;MScale&gt;10000&lt;/MScale&gt;&lt;XYTolerance&gt;8.983152841195215e-09&lt;/XYTolerance&gt;&lt;ZTolerance&gt;0.001&lt;/ZTolerance&gt;&lt;MTolerance&gt;0.001&lt;/MTolerance&gt;&lt;HighPrecision&gt;true&lt;/HighPrecision&gt;&lt;LeftLongitude&gt;-180&lt;/LeftLongitude&gt;&lt;WKID&gt;4326&lt;/WKID&gt;&lt;LatestWKID&gt;4326&lt;/LatestWKID&gt;&lt;/GeographicCoordinateSystem&gt;</peXml></coordRef></DataProperties><SyncDate>20210901</SyncDate><SyncTime>17522500</SyncTime><ModDate>20210901</ModDate><ModTime>17522500</ModTime></Esri><dataIdInfo><envirDesc Sync="TRUE">Microsoft Windows 10 Version 10.0 (Build 19042) ; Esri ArcGIS 12.5.0.22081</envirDesc><dataLang><languageCode value="spa" Sync="TRUE"></languageCode><countryCode value="SLV" Sync="TRUE"></countryCode></dataLang><idCitation><resTitle Sync="TRUE">15_0</resTitle><presForm><PresFormCd value="005" Sync="TRUE"></PresFormCd></presForm></idCitation><spatRpType><SpatRepTypCd value="001" Sync="TRUE"></SpatRepTypCd></spatRpType></dataIdInfo><mdLang><languageCode value="spa" Sync="TRUE"></languageCode><countryCode value="SLV" Sync="TRUE"></countryCode></mdLang><mdChar><CharSetCd value="004" Sync="TRUE"></CharSetCd></mdChar><distInfo><distFormat><formatName Sync="TRUE">Shapefile</formatName></distFormat><distTranOps><transSize Sync="TRUE">0.000</transSize></distTranOps></distInfo><mdHrLv><ScopeCd value="005" Sync="TRUE"></ScopeCd></mdHrLv><mdHrLvName Sync="TRUE">dataset</mdHrLvName><refSysInfo><RefSystem><refSysID><identCode code="4326" Sync="TRUE"></identCode><idCodeSpace Sync="TRUE">EPSG</idCodeSpace><idVersion Sync="TRUE">6.14(3.0.1)</idVersion></refSysID></RefSystem></refSysInfo><spatRepInfo><VectSpatRep><geometObjs Name="15_0"><geoObjTyp><GeoObjTypCd value="002" Sync="TRUE"></GeoObjTypCd></geoObjTyp><geoObjCnt Sync="TRUE">0</geoObjCnt></geometObjs><topLvl><TopoLevCd value="001" Sync="TRUE"></TopoLevCd></topLvl></VectSpatRep></spatRepInfo><spdoinfo><ptvctinf><esriterm Name="15_0"><efeatyp Sync="TRUE">Simple</efeatyp><efeageom code="4" Sync="TRUE"></efeageom><esritopo Sync="TRUE">FALSE</esritopo><efeacnt Sync="TRUE">0</efeacnt><spindex Sync="TRUE">FALSE</spindex><linrefer Sync="TRUE">FALSE</linrefer></esriterm></ptvctinf></spdoinfo><eainfo><detailed Name="15_0"><enttyp><enttypl Sync="TRUE">15_0</enttypl><enttypt Sync="TRUE">Feature Class</enttypt><enttypc Sync="TRUE">0</enttypc></enttyp><attr><attrlabl Sync="TRUE">FID</attrlabl><attalias Sync="TRUE">FID</attalias><attrtype Sync="TRUE">OID</attrtype><attwidth Sync="TRUE">4</attwidth><atprecis Sync="TRUE">0</atprecis><attscale Sync="TRUE">0</attscale><attrdef Sync="TRUE">Internal feature number.</attrdef><attrdefs Sync="TRUE">Esri</attrdefs><attrdomv><udom Sync="TRUE">Sequential unique whole numbers that are automatically generated.</udom></attrdomv></attr><attr><attrlabl Sync="TRUE">Shape</attrlabl><attalias Sync="TRUE">Shape</attalias><attrtype Sync="TRUE">Geometry</attrtype><attwidth Sync="TRUE">0</attwidth><atprecis Sync="TRUE">0</atprecis><attscale Sync="TRUE">0</attscale><attrdef Sync="TRUE">Feature geometry.</attrdef><attrdefs Sync="TRUE">Esri</attrdefs><attrdomv><udom Sync="TRUE">Coordinates defining the features.</udom></attrdomv></attr><attr><attrlabl Sync="TRUE">COD_ZonLoc</attrlabl><attalias Sync="TRUE">COD_ZonLoc</attalias><attrtype Sync="TRUE">String</attrtype><attwidth Sync="TRUE">50</attwidth><atprecis Sync="TRUE">0</atprecis><attscale Sync="TRUE">0</attscale></attr><attr><attrlabl Sync="TRUE">Clave</attrlabl><attalias Sync="TRUE">Clave</attalias><attrtype Sync="TRUE">Double</attrtype><attwidth Sync="TRUE">19</attwidth><atprecis Sync="TRUE">0</atprecis><attscale Sync="TRUE">0</attscale></attr><attr><attrlabl Sync="TRUE">Nombre</attrlabl><attalias Sync="TRUE">Nombre</attalias><attrtype Sync="TRUE">String</attrtype><attwidth Sync="TRUE">250</attwidth><atprecis Sync="TRUE">0</atprecis><attscale Sync="TRUE">0</attscale></attr><attr><attrlabl Sync="TRUE">Tipo</attrlabl><attalias Sync="TRUE">Tipo</attalias><attrtype Sync="TRUE">String</attrtype><attwidth Sync="TRUE">50</attwidth><atprecis Sync="TRUE">0</atprecis><attscale Sync="TRUE">0</attscale></attr><attr><attrlabl Sync="TRUE">COD_REGION</attrlabl><attalias Sync="TRUE">COD_REGION</attalias><attrtype Sync="TRUE">Double</attrtype><attwidth Sync="TRUE">19</attwidth><atprecis Sync="TRUE">0</atprecis><attscale Sync="TRUE">0</attscale></attr><attr><attrlabl Sync="TRUE">REGION</attrlabl><attalias Sync="TRUE">REGION</attalias><attrtype Sync="TRUE">String</attrtype><attwidth Sync="TRUE">55</attwidth><atprecis Sync="TRUE">0</atprecis><attscale Sync="TRUE">0</attscale></attr><attr><attrlabl Sync="TRUE">COD_PROVIN</attrlabl><attalias Sync="TRUE">COD_PROVIN</attalias><attrtype Sync="TRUE">Double</attrtype><attwidth Sync="TRUE">19</attwidth><atprecis Sync="TRUE">0</atprecis><attscale Sync="TRUE">0</attscale></attr><attr><attrlabl Sync="TRUE">PROVINCIA</attrlabl><attalias Sync="TRUE">PROVINCIA</attalias><attrtype Sync="TRUE">String</attrtype><attwidth Sync="TRUE">23</attwidth><atprecis Sync="TRUE">0</atprecis><attscale Sync="TRUE">0</attscale></attr><attr><attrlabl Sync="TRUE">COD_COMUNA</attrlabl><attalias Sync="TRUE">COD_COMUNA</attalias><attrtype Sync="TRUE">Double</attrtype><attwidth Sync="TRUE">19</attwidth><atprecis Sync="TRUE">0</atprecis><attscale Sync="TRUE">0</attscale></attr><attr><attrlabl Sync="TRUE">NOMBRE_COM</attrlabl><attalias Sync="TRUE">NOMBRE_COM</attalias><attrtype Sync="TRUE">String</attrtype><attwidth Sync="TRUE">20</attwidth><atprecis Sync="TRUE">0</atprecis><attscale Sync="TRUE">0</attscale></attr><attr><attrlabl Sync="TRUE">URBANO</attrlabl><attalias Sync="TRUE">URBANO</attalias><attrtype Sync="TRUE">String</attrtype><attwidth Sync="TRUE">80</attwidth><atprecis Sync="TRUE">0</atprecis><attscale Sync="TRUE">0</attscale></attr><attr><attrlabl Sync="TRUE">TIPO_1</attrlabl><attalias Sync="TRUE">TIPO_1</attalias><attrtype Sync="TRUE">String</attrtype><attwidth Sync="TRUE">80</attwidth><atprecis Sync="TRUE">0</atprecis><attscale Sync="TRUE">0</attscale></attr><attr><attrlabl Sync="TRUE">CATEGORIA</attrlabl><attalias Sync="TRUE">CATEGORIA</attalias><attrtype Sync="TRUE">String</attrtype><attwidth Sync="TRUE">80</attwidth><atprecis Sync="TRUE">0</atprecis><attscale Sync="TRUE">0</attscale></attr><attr><attrlabl Sync="TRUE">CONURB</attrlabl><attalias Sync="TRUE">CONURB</attalias><attrtype Sync="TRUE">String</attrtype><attwidth Sync="TRUE">80</attwidth><atprecis Sync="TRUE">0</atprecis><attscale Sync="TRUE">0</attscale></attr><attr><attrlabl Sync="TRUE">NOM_URBANO</attrlabl><attalias Sync="TRUE">NOM_URBANO</attalias><attrtype Sync="TRUE">String</attrtype><attwidth Sync="TRUE">254</attwidth><atprecis Sync="TRUE">0</atprecis><attscale Sync="TRUE">0</attscale></attr><attr><attrlabl Sync="TRUE">NOMBRE_DIS</attrlabl><attalias Sync="TRUE">NOMBRE_DIS</attalias><attrtype Sync="TRUE">String</attrtype><attwidth Sync="TRUE">24</attwidth><atprecis Sync="TRUE">0</atprecis><attscale Sync="TRUE">0</attscale></attr><attr><attrlabl Sync="TRUE">Shape_Leng</attrlabl><attalias Sync="TRUE">Shape_Leng</attalias><attrtype Sync="TRUE">Double</attrtype><attwidth Sync="TRUE">19</attwidth><atprecis Sync="TRUE">0</atprecis><attscale Sync="TRUE">0</attscale></attr><attr><attrlabl Sync="TRUE">Shape_Area</attrlabl><attalias Sync="TRUE">Shape_Area</attalias><attrtype Sync="TRUE">Double</attrtype><attwidth Sync="TRUE">19</attwidth><atprecis Sync="TRUE">0</atprecis><attscale Sync="TRUE">0</attscale><attrdef Sync="TRUE">Area of feature in internal units squared.</attrdef><attrdefs Sync="TRUE">Esri</attrdefs><attrdomv><udom Sync="TRUE">Positive real numbers that are automatically generated.</udom></attrdomv></attr><attr><attrlabl Sync="TRUE">ID_ZONA_LO</attrlabl><attalias Sync="TRUE">ID_ZONA_LO</attalias><attrtype Sync="TRUE">Integer</attrtype><attwidth Sync="TRUE">10</attwidth><atprecis Sync="TRUE">10</atprecis><attscale Sync="TRUE">0</attscale></attr><attr><attrlabl Sync="TRUE">CLAVE_1</attrlabl><attalias Sync="TRUE">CLAVE_1</attalias><attrtype Sync="TRUE">Double</attrtype><attwidth Sync="TRUE">19</attwidth><atprecis Sync="TRUE">0</atprecis><attscale Sync="TRUE">0</attscale></attr><attr><attrlabl Sync="TRUE">PobTotH</attrlabl><attalias Sync="TRUE">PobTotH</attalias><attrtype Sync="TRUE">Integer</attrtype><attwidth Sync="TRUE">10</attwidth><atprecis Sync="TRUE">10</atprecis><attscale Sync="TRUE">0</attscale></attr><attr><attrlabl Sync="TRUE">PobTotM</attrlabl><attalias Sync="TRUE">PobTotM</attalias><attrtype Sync="TRUE">Integer</attrtype><attwidth Sync="TRUE">10</attwidth><atprecis Sync="TRUE">10</atprecis><attscale Sync="TRUE">0</attscale></attr><attr><attrlabl Sync="TRUE">Pob_0_5</attrlabl><attalias Sync="TRUE">Pob_0_5</attalias><attrtype Sync="TRUE">Integer</attrtype><attwidth Sync="TRUE">10</attwidth><atprecis Sync="TRUE">10</atprecis><attscale Sync="TRUE">0</attscale></attr><attr><attrlabl Sync="TRUE">Pob_6_10</attrlabl><attalias Sync="TRUE">Pob_6_10</attalias><attrtype Sync="TRUE">Integer</attrtype><attwidth Sync="TRUE">10</attwidth><atprecis Sync="TRUE">10</atprecis><attscale Sync="TRUE">0</attscale></attr><attr><attrlabl Sync="TRUE">Pob_11_15</attrlabl><attalias Sync="TRUE">Pob_11_15</attalias><attrtype Sync="TRUE">Integer</attrtype><attwidth Sync="TRUE">10</attwidth><atprecis Sync="TRUE">10</atprecis><attscale Sync="TRUE">0</attscale></attr><attr><attrlabl Sync="TRUE">Pob_16_20</attrlabl><attalias Sync="TRUE">Pob_16_20</attalias><attrtype Sync="TRUE">Integer</attrtype><attwidth Sync="TRUE">10</attwidth><atprecis Sync="TRUE">10</atprecis><attscale Sync="TRUE">0</attscale></attr><attr><attrlabl Sync="TRUE">Pob_21_25</attrlabl><attalias Sync="TRUE">Pob_21_25</attalias><attrtype Sync="TRUE">Integer</attrtype><attwidth Sync="TRUE">10</attwidth><atprecis Sync="TRUE">10</atprecis><attscale Sync="TRUE">0</attscale></attr><attr><attrlabl Sync="TRUE">Pob_26_30</attrlabl><attalias Sync="TRUE">Pob_26_30</attalias><attrtype Sync="TRUE">Integer</attrtype><attwidth Sync="TRUE">10</attwidth><atprecis Sync="TRUE">10</atprecis><attscale Sync="TRUE">0</attscale></attr><attr><attrlabl Sync="TRUE">Pob_31_35</attrlabl><attalias Sync="TRUE">Pob_31_35</attalias><attrtype Sync="TRUE">Integer</attrtype><attwidth Sync="TRUE">10</attwidth><atprecis Sync="TRUE">10</atprecis><attscale Sync="TRUE">0</attscale></attr><attr><attrlabl Sync="TRUE">Pob_36_40</attrlabl><attalias Sync="TRUE">Pob_36_40</attalias><attrtype Sync="TRUE">Integer</attrtype><attwidth Sync="TRUE">10</attwidth><atprecis Sync="TRUE">10</atprecis><attscale Sync="TRUE">0</attscale></attr><attr><attrlabl Sync="TRUE">Pob_41_45</attrlabl><attalias Sync="TRUE">Pob_41_45</attalias><attrtype Sync="TRUE">Integer</attrtype><attwidth Sync="TRUE">10</attwidth><atprecis Sync="TRUE">10</atprecis><attscale Sync="TRUE">0</attscale></attr><attr><attrlabl Sync="TRUE">Pob_46_50</attrlabl><attalias Sync="TRUE">Pob_46_50</attalias><attrtype Sync="TRUE">Integer</attrtype><attwidth Sync="TRUE">10</attwidth><atprecis Sync="TRUE">10</atprecis><attscale Sync="TRUE">0</attscale></attr><attr><attrlabl Sync="TRUE">Pob_51_55</attrlabl><attalias Sync="TRUE">Pob_51_55</attalias><attrtype Sync="TRUE">Integer</attrtype><attwidth Sync="TRUE">10</attwidth><atprecis Sync="TRUE">10</atprecis><attscale Sync="TRUE">0</attscale></attr><attr><attrlabl Sync="TRUE">Pob_56_60</attrlabl><attalias Sync="TRUE">Pob_56_60</attalias><attrtype Sync="TRUE">Integer</attrtype><attwidth Sync="TRUE">10</attwidth><atprecis Sync="TRUE">10</atprecis><attscale Sync="TRUE">0</attscale></attr><attr><attrlabl Sync="TRUE">Pob_61_65</attrlabl><attalias Sync="TRUE">Pob_61_65</attalias><attrtype Sync="TRUE">Integer</attrtype><attwidth Sync="TRUE">10</attwidth><atprecis Sync="TRUE">10</atprecis><attscale Sync="TRUE">0</attscale></attr><attr><attrlabl Sync="TRUE">Pob_66_70</attrlabl><attalias Sync="TRUE">Pob_66_70</attalias><attrtype Sync="TRUE">Integer</attrtype><attwidth Sync="TRUE">10</attwidth><atprecis Sync="TRUE">10</atprecis><attscale Sync="TRUE">0</attscale></attr><attr><attrlabl Sync="TRUE">Pob_71_75</attrlabl><attalias Sync="TRUE">Pob_71_75</attalias><attrtype Sync="TRUE">Integer</attrtype><attwidth Sync="TRUE">10</attwidth><atprecis Sync="TRUE">10</atprecis><attscale Sync="TRUE">0</attscale></attr><attr><attrlabl Sync="TRUE">Pob_76_80</attrlabl><attalias Sync="TRUE">Pob_76_80</attalias><attrtype Sync="TRUE">Integer</attrtype><attwidth Sync="TRUE">10</attwidth><atprecis Sync="TRUE">10</atprecis><attscale Sync="TRUE">0</attscale></attr><attr><attrlabl Sync="TRUE">Pob_81_85</attrlabl><attalias Sync="TRUE">Pob_81_85</attalias><attrtype Sync="TRUE">Integer</attrtype><attwidth Sync="TRUE">10</attwidth><atprecis Sync="TRUE">10</atprecis><attscale Sync="TRUE">0</attscale></attr><attr><attrlabl Sync="TRUE">Pob_86_90</attrlabl><attalias Sync="TRUE">Pob_86_90</attalias><attrtype Sync="TRUE">Integer</attrtype><attwidth Sync="TRUE">10</attwidth><atprecis Sync="TRUE">10</atprecis><attscale Sync="TRUE">0</attscale></attr><attr><attrlabl Sync="TRUE">Pob_mayor_</attrlabl><attalias Sync="TRUE">Pob_mayor_</attalias><attrtype Sync="TRUE">Integer</attrtype><attwidth Sync="TRUE">10</attwidth><atprecis Sync="TRUE">10</atprecis><attscale Sync="TRUE">0</attscale></attr><attr><attrlabl Sync="TRUE">Emig_10_17</attrlabl><attalias Sync="TRUE">Emig_10_17</attalias><attrtype Sync="TRUE">Integer</attrtype><attwidth Sync="TRUE">10</attwidth><atprecis Sync="TRUE">10</atprecis><attscale Sync="TRUE">0</attscale></attr><attr><attrlabl Sync="TRUE">Emig_00_09</attrlabl><attalias Sync="TRUE">Emig_00_09</attalias><attrtype Sync="TRUE">Integer</attrtype><attwidth Sync="TRUE">10</attwidth><atprecis Sync="TRUE">10</atprecis><attscale Sync="TRUE">0</attscale></attr><attr><attrlabl Sync="TRUE">Emig_90_99</attrlabl><attalias Sync="TRUE">Emig_90_99</attalias><attrtype Sync="TRUE">Integer</attrtype><attwidth Sync="TRUE">10</attwidth><atprecis Sync="TRUE">10</atprecis><attscale Sync="TRUE">0</attscale></attr><attr><attrlabl Sync="TRUE">Emig_ant90</attrlabl><attalias Sync="TRUE">Emig_ant90</attalias><attrtype Sync="TRUE">Integer</attrtype><attwidth Sync="TRUE">10</attwidth><atprecis Sync="TRUE">10</atprecis><attscale Sync="TRUE">0</attscale></attr><attr><attrlabl Sync="TRUE">AsisEdu_SI</attrlabl><attalias Sync="TRUE">AsisEdu_SI</attalias><attrtype Sync="TRUE">Integer</attrtype><attwidth Sync="TRUE">10</attwidth><atprecis Sync="TRUE">10</atprecis><attscale Sync="TRUE">0</attscale></attr><attr><attrlabl Sync="TRUE">AsisEdu_NO</attrlabl><attalias Sync="TRUE">AsisEdu_NO</attalias><attrtype Sync="TRUE">Integer</attrtype><attwidth Sync="TRUE">10</attwidth><atprecis Sync="TRUE">10</atprecis><attscale Sync="TRUE">0</attscale></attr><attr><attrlabl Sync="TRUE">AsisEdu_Nu</attrlabl><attalias Sync="TRUE">AsisEdu_Nu</attalias><attrtype Sync="TRUE">Integer</attrtype><attwidth Sync="TRUE">10</attwidth><atprecis Sync="TRUE">10</atprecis><attscale Sync="TRUE">0</attscale></attr><attr><attrlabl Sync="TRUE">Curso_0</attrlabl><attalias Sync="TRUE">Curso_0</attalias><attrtype Sync="TRUE">Integer</attrtype><attwidth Sync="TRUE">10</attwidth><atprecis Sync="TRUE">10</atprecis><attscale Sync="TRUE">0</attscale></attr><attr><attrlabl Sync="TRUE">Curso_1</attrlabl><attalias Sync="TRUE">Curso_1</attalias><attrtype Sync="TRUE">Integer</attrtype><attwidth Sync="TRUE">10</attwidth><atprecis Sync="TRUE">10</atprecis><attscale Sync="TRUE">0</attscale></attr><attr><attrlabl Sync="TRUE">Curso_2</attrlabl><attalias Sync="TRUE">Curso_2</attalias><attrtype Sync="TRUE">Integer</attrtype><attwidth Sync="TRUE">10</attwidth><atprecis Sync="TRUE">10</atprecis><attscale Sync="TRUE">0</attscale></attr><attr><attrlabl Sync="TRUE">Curso_3</attrlabl><attalias Sync="TRUE">Curso_3</attalias><attrtype Sync="TRUE">Integer</attrtype><attwidth Sync="TRUE">10</attwidth><atprecis Sync="TRUE">10</atprecis><attscale Sync="TRUE">0</attscale></attr><attr><attrlabl Sync="TRUE">Curso_4</attrlabl><attalias Sync="TRUE">Curso_4</attalias><attrtype Sync="TRUE">Integer</attrtype><attwidth Sync="TRUE">10</attwidth><atprecis Sync="TRUE">10</atprecis><attscale Sync="TRUE">0</attscale></attr><attr><attrlabl Sync="TRUE">Curso_5</attrlabl><attalias Sync="TRUE">Curso_5</attalias><attrtype Sync="TRUE">Integer</attrtype><attwidth Sync="TRUE">10</attwidth><atprecis Sync="TRUE">10</atprecis><attscale Sync="TRUE">0</attscale></attr><attr><attrlabl Sync="TRUE">Curso_6</attrlabl><attalias Sync="TRUE">Curso_6</attalias><attrtype Sync="TRUE">Integer</attrtype><attwidth Sync="TRUE">10</attwidth><atprecis Sync="TRUE">10</atprecis><attscale Sync="TRUE">0</attscale></attr><attr><attrlabl Sync="TRUE">Curso_7</attrlabl><attalias Sync="TRUE">Curso_7</attalias><attrtype Sync="TRUE">Integer</attrtype><attwidth Sync="TRUE">10</attwidth><atprecis Sync="TRUE">10</atprecis><attscale Sync="TRUE">0</attscale></attr><attr><attrlabl Sync="TRUE">Curso_8</attrlabl><attalias Sync="TRUE">Curso_8</attalias><attrtype Sync="TRUE">Integer</attrtype><attwidth Sync="TRUE">10</attwidth><atprecis Sync="TRUE">10</atprecis><attscale Sync="TRUE">0</attscale></attr><attr><attrlabl Sync="TRUE">PobIndigen</attrlabl><attalias Sync="TRUE">PobIndigen</attalias><attrtype Sync="TRUE">Integer</attrtype><attwidth Sync="TRUE">10</attwidth><atprecis Sync="TRUE">10</atprecis><attscale Sync="TRUE">0</attscale></attr><attr><attrlabl Sync="TRUE">ind_Mapuch</attrlabl><attalias Sync="TRUE">ind_Mapuch</attalias><attrtype Sync="TRUE">Integer</attrtype><attwidth Sync="TRUE">10</attwidth><atprecis Sync="TRUE">10</atprecis><attscale Sync="TRUE">0</attscale></attr><attr><attrlabl Sync="TRUE">ind_Aymara</attrlabl><attalias Sync="TRUE">ind_Aymara</attalias><attrtype Sync="TRUE">Integer</attrtype><attwidth Sync="TRUE">10</attwidth><atprecis Sync="TRUE">10</atprecis><attscale Sync="TRUE">0</attscale></attr><attr><attrlabl Sync="TRUE">ind_RapaNu</attrlabl><attalias Sync="TRUE">ind_RapaNu</attalias><attrtype Sync="TRUE">Integer</attrtype><attwidth Sync="TRUE">10</attwidth><atprecis Sync="TRUE">10</atprecis><attscale Sync="TRUE">0</attscale></attr><attr><attrlabl Sync="TRUE">ind_LicanA</attrlabl><attalias Sync="TRUE">ind_LicanA</attalias><attrtype Sync="TRUE">Integer</attrtype><attwidth Sync="TRUE">10</attwidth><atprecis Sync="TRUE">10</atprecis><attscale Sync="TRUE">0</attscale></attr><attr><attrlabl Sync="TRUE">ind_Quechu</attrlabl><attalias Sync="TRUE">ind_Quechu</attalias><attrtype Sync="TRUE">Integer</attrtype><attwidth Sync="TRUE">10</attwidth><atprecis Sync="TRUE">10</atprecis><attscale Sync="TRUE">0</attscale></attr><attr><attrlabl Sync="TRUE">ind_Colla</attrlabl><attalias Sync="TRUE">ind_Colla</attalias><attrtype Sync="TRUE">Integer</attrtype><attwidth Sync="TRUE">10</attwidth><atprecis Sync="TRUE">10</atprecis><attscale Sync="TRUE">0</attscale></attr><attr><attrlabl Sync="TRUE">ind_Diagui</attrlabl><attalias Sync="TRUE">ind_Diagui</attalias><attrtype Sync="TRUE">Integer</attrtype><attwidth Sync="TRUE">10</attwidth><atprecis Sync="TRUE">10</atprecis><attscale Sync="TRUE">0</attscale></attr><attr><attrlabl Sync="TRUE">ind_Kawesq</attrlabl><attalias Sync="TRUE">ind_Kawesq</attalias><attrtype Sync="TRUE">Integer</attrtype><attwidth Sync="TRUE">10</attwidth><atprecis Sync="TRUE">10</atprecis><attscale Sync="TRUE">0</attscale></attr><attr><attrlabl Sync="TRUE">ind_Yagan_</attrlabl><attalias Sync="TRUE">ind_Yagan_</attalias><attrtype Sync="TRUE">Integer</attrtype><attwidth Sync="TRUE">10</attwidth><atprecis Sync="TRUE">10</atprecis><attscale Sync="TRUE">0</attscale></attr><attr><attrlabl Sync="TRUE">ind_Otros</attrlabl><attalias Sync="TRUE">ind_Otros</attalias><attrtype Sync="TRUE">Integer</attrtype><attwidth Sync="TRUE">10</attwidth><atprecis Sync="TRUE">10</atprecis><attscale Sync="TRUE">0</attscale></attr><attr><attrlabl Sync="TRUE">indG_Mapuc</attrlabl><attalias Sync="TRUE">indG_Mapuc</attalias><attrtype Sync="TRUE">Integer</attrtype><attwidth Sync="TRUE">10</attwidth><atprecis Sync="TRUE">10</atprecis><attscale Sync="TRUE">0</attscale></attr><attr><attrlabl Sync="TRUE">indG_Aymar</attrlabl><attalias Sync="TRUE">indG_Aymar</attalias><attrtype Sync="TRUE">Integer</attrtype><attwidth Sync="TRUE">10</attwidth><atprecis Sync="TRUE">10</atprecis><attscale Sync="TRUE">0</attscale></attr><attr><attrlabl Sync="TRUE">indG_RapaN</attrlabl><attalias Sync="TRUE">indG_RapaN</attalias><attrtype Sync="TRUE">Integer</attrtype><attwidth Sync="TRUE">10</attwidth><atprecis Sync="TRUE">10</atprecis><attscale Sync="TRUE">0</attscale></attr><attr><attrlabl Sync="TRUE">indG_Lican</attrlabl><attalias Sync="TRUE">indG_Lican</attalias><attrtype Sync="TRUE">Integer</attrtype><attwidth Sync="TRUE">10</attwidth><atprecis Sync="TRUE">10</atprecis><attscale Sync="TRUE">0</attscale></attr><attr><attrlabl Sync="TRUE">indG_Quech</attrlabl><attalias Sync="TRUE">indG_Quech</attalias><attrtype Sync="TRUE">Integer</attrtype><attwidth Sync="TRUE">10</attwidth><atprecis Sync="TRUE">10</atprecis><attscale Sync="TRUE">0</attscale></attr><attr><attrlabl Sync="TRUE">indG_Colla</attrlabl><attalias Sync="TRUE">indG_Colla</attalias><attrtype Sync="TRUE">Integer</attrtype><attwidth Sync="TRUE">10</attwidth><atprecis Sync="TRUE">10</atprecis><attscale Sync="TRUE">0</attscale></attr><attr><attrlabl Sync="TRUE">indG_Diagu</attrlabl><attalias Sync="TRUE">indG_Diagu</attalias><attrtype Sync="TRUE">Integer</attrtype><attwidth Sync="TRUE">10</attwidth><atprecis Sync="TRUE">10</atprecis><attscale Sync="TRUE">0</attscale></attr><attr><attrlabl Sync="TRUE">indG_Kawes</attrlabl><attalias Sync="TRUE">indG_Kawes</attalias><attrtype Sync="TRUE">Integer</attrtype><attwidth Sync="TRUE">10</attwidth><atprecis Sync="TRUE">10</atprecis><attscale Sync="TRUE">0</attscale></attr><attr><attrlabl Sync="TRUE">indG_Yagan</attrlabl><attalias Sync="TRUE">indG_Yagan</attalias><attrtype Sync="TRUE">Integer</attrtype><attwidth Sync="TRUE">10</attwidth><atprecis Sync="TRUE">10</atprecis><attscale Sync="TRUE">0</attscale></attr><attr><attrlabl Sync="TRUE">indG_Otros</attrlabl><attalias Sync="TRUE">indG_Otros</attalias><attrtype Sync="TRUE">Integer</attrtype><attwidth Sync="TRUE">10</attwidth><atprecis Sync="TRUE">10</atprecis><attscale Sync="TRUE">0</attscale></attr><attr><attrlabl Sync="TRUE">ind_o_Lafq</attrlabl><attalias Sync="TRUE">ind_o_Lafq</attalias><attrtype Sync="TRUE">Integer</attrtype><attwidth Sync="TRUE">10</attwidth><atprecis Sync="TRUE">10</atprecis><attscale Sync="TRUE">0</attscale></attr><attr><attrlabl Sync="TRUE">ind_o_Pehu</attrlabl><attalias Sync="TRUE">ind_o_Pehu</attalias><attrtype Sync="TRUE">Integer</attrtype><attwidth Sync="TRUE">10</attwidth><atprecis Sync="TRUE">10</atprecis><attscale Sync="TRUE">0</attscale></attr><attr><attrlabl Sync="TRUE">ind_o_Huil</attrlabl><attalias Sync="TRUE">ind_o_Huil</attalias><attrtype Sync="TRUE">Integer</attrtype><attwidth Sync="TRUE">10</attwidth><atprecis Sync="TRUE">10</atprecis><attscale Sync="TRUE">0</attscale></attr><attr><attrlabl Sync="TRUE">ind_o_Picu</attrlabl><attalias Sync="TRUE">ind_o_Picu</attalias><attrtype Sync="TRUE">Integer</attrtype><attwidth Sync="TRUE">10</attwidth><atprecis Sync="TRUE">10</atprecis><attscale Sync="TRUE">0</attscale></attr><attr><attrlabl Sync="TRUE">ind_o_Chan</attrlabl><attalias Sync="TRUE">ind_o_Chan</attalias><attrtype Sync="TRUE">Integer</attrtype><attwidth Sync="TRUE">10</attwidth><atprecis Sync="TRUE">10</atprecis><attscale Sync="TRUE">0</attscale></attr><attr><attrlabl Sync="TRUE">ind_o_Chon</attrlabl><attalias Sync="TRUE">ind_o_Chon</attalias><attrtype Sync="TRUE">Integer</attrtype><attwidth Sync="TRUE">10</attwidth><atprecis Sync="TRUE">10</atprecis><attscale Sync="TRUE">0</attscale></attr><attr><attrlabl Sync="TRUE">ind_o_Ona</attrlabl><attalias Sync="TRUE">ind_o_Ona</attalias><attrtype Sync="TRUE">Integer</attrtype><attwidth Sync="TRUE">10</attwidth><atprecis Sync="TRUE">10</atprecis><attscale Sync="TRUE">0</attscale></attr><attr><attrlabl Sync="TRUE">ind_o_Tehu</attrlabl><attalias Sync="TRUE">ind_o_Tehu</attalias><attrtype Sync="TRUE">Integer</attrtype><attwidth Sync="TRUE">10</attwidth><atprecis Sync="TRUE">10</atprecis><attscale Sync="TRUE">0</attscale></attr><attr><attrlabl Sync="TRUE">ind_o_AL</attrlabl><attalias Sync="TRUE">ind_o_AL</attalias><attrtype Sync="TRUE">Integer</attrtype><attwidth Sync="TRUE">10</attwidth><atprecis Sync="TRUE">10</atprecis><attscale Sync="TRUE">0</attscale></attr><attr><attrlabl Sync="TRUE">ind_o_Mund</attrlabl><attalias Sync="TRUE">ind_o_Mund</attalias><attrtype Sync="TRUE">Integer</attrtype><attwidth Sync="TRUE">10</attwidth><atprecis Sync="TRUE">10</atprecis><attscale Sync="TRUE">0</attscale></attr><attr><attrlabl Sync="TRUE">ind_o_Afro</attrlabl><attalias Sync="TRUE">ind_o_Afro</attalias><attrtype Sync="TRUE">Integer</attrtype><attwidth Sync="TRUE">10</attwidth><atprecis Sync="TRUE">10</atprecis><attscale Sync="TRUE">0</attscale></attr><attr><attrlabl Sync="TRUE">ind_o_Otro</attrlabl><attalias Sync="TRUE">ind_o_Otro</attalias><attrtype Sync="TRUE">Integer</attrtype><attwidth Sync="TRUE">10</attwidth><atprecis Sync="TRUE">10</atprecis><attscale Sync="TRUE">0</attscale></attr><attr><attrlabl Sync="TRUE">ind_o_NoDe</attrlabl><attalias Sync="TRUE">ind_o_NoDe</attalias><attrtype Sync="TRUE">Integer</attrtype><attwidth Sync="TRUE">10</attwidth><atprecis Sync="TRUE">10</atprecis><attscale Sync="TRUE">0</attscale></attr><attr><attrlabl Sync="TRUE">Trabajo_1</attrlabl><attalias Sync="TRUE">Trabajo_1</attalias><attrtype Sync="TRUE">Integer</attrtype><attwidth Sync="TRUE">10</attwidth><atprecis Sync="TRUE">10</atprecis><attscale Sync="TRUE">0</attscale></attr><attr><attrlabl Sync="TRUE">Trabajo_2</attrlabl><attalias Sync="TRUE">Trabajo_2</attalias><attrtype Sync="TRUE">Integer</attrtype><attwidth Sync="TRUE">10</attwidth><atprecis Sync="TRUE">10</atprecis><attscale Sync="TRUE">0</attscale></attr><attr><attrlabl Sync="TRUE">Trabajo_3</attrlabl><attalias Sync="TRUE">Trabajo_3</attalias><attrtype Sync="TRUE">Integer</attrtype><attwidth Sync="TRUE">10</attwidth><atprecis Sync="TRUE">10</atprecis><attscale Sync="TRUE">0</attscale></attr><attr><attrlabl Sync="TRUE">Trabajo_4</attrlabl><attalias Sync="TRUE">Trabajo_4</attalias><attrtype Sync="TRUE">Integer</attrtype><attwidth Sync="TRUE">10</attwidth><atprecis Sync="TRUE">10</atprecis><attscale Sync="TRUE">0</attscale></attr><attr><attrlabl Sync="TRUE">Trabajo_5</attrlabl><attalias Sync="TRUE">Trabajo_5</attalias><attrtype Sync="TRUE">Integer</attrtype><attwidth Sync="TRUE">10</attwidth><atprecis Sync="TRUE">10</atprecis><attscale Sync="TRUE">0</attscale></attr><attr><attrlabl Sync="TRUE">Trabajo_6</attrlabl><attalias Sync="TRUE">Trabajo_6</attalias><attrtype Sync="TRUE">Integer</attrtype><attwidth Sync="TRUE">10</attwidth><atprecis Sync="TRUE">10</atprecis><attscale Sync="TRUE">0</attscale></attr><attr><attrlabl Sync="TRUE">Trabajo_7</attrlabl><attalias Sync="TRUE">Trabajo_7</attalias><attrtype Sync="TRUE">Integer</attrtype><attwidth Sync="TRUE">10</attwidth><atprecis Sync="TRUE">10</atprecis><attscale Sync="TRUE">0</attscale></attr><attr><attrlabl Sync="TRUE">Trabajo_8</attrlabl><attalias Sync="TRUE">Trabajo_8</attalias><attrtype Sync="TRUE">Integer</attrtype><attwidth Sync="TRUE">10</attwidth><atprecis Sync="TRUE">10</atprecis><attscale Sync="TRUE">0</attscale></attr><attr><attrlabl Sync="TRUE">ID_ZONA__1</attrlabl><attalias Sync="TRUE">ID_ZONA__1</attalias><attrtype Sync="TRUE">Integer</attrtype><attwidth Sync="TRUE">10</attwidth><atprecis Sync="TRUE">10</atprecis><attscale Sync="TRUE">0</attscale></attr><attr><attrlabl Sync="TRUE">VivTotal</attrlabl><attalias Sync="TRUE">VivTotal</attalias><attrtype Sync="TRUE">Integer</attrtype><attwidth Sync="TRUE">10</attwidth><atprecis Sync="TRUE">10</atprecis><attscale Sync="TRUE">0</attscale></attr><attr><attrlabl Sync="TRUE">HogaresTot</attrlabl><attalias Sync="TRUE">HogaresTot</attalias><attrtype Sync="TRUE">Integer</attrtype><attwidth Sync="TRUE">10</attwidth><atprecis Sync="TRUE">10</atprecis><attscale Sync="TRUE">0</attscale></attr><attr><attrlabl Sync="TRUE">PobTotal</attrlabl><attalias Sync="TRUE">PobTotal</attalias><attrtype Sync="TRUE">Integer</attrtype><attwidth Sync="TRUE">10</attwidth><atprecis Sync="TRUE">10</atprecis><attscale Sync="TRUE">0</attscale></attr><attr><attrlabl Sync="TRUE">VivCasa</attrlabl><attalias Sync="TRUE">VivCasa</attalias><attrtype Sync="TRUE">Integer</attrtype><attwidth Sync="TRUE">10</attwidth><atprecis Sync="TRUE">10</atprecis><attscale Sync="TRUE">0</attscale></attr><attr><attrlabl Sync="TRUE">VivDepto</attrlabl><attalias Sync="TRUE">VivDepto</attalias><attrtype Sync="TRUE">Integer</attrtype><attwidth Sync="TRUE">10</attwidth><atprecis Sync="TRUE">10</atprecis><attscale Sync="TRUE">0</attscale></attr><attr><attrlabl Sync="TRUE">VivIndig</attrlabl><attalias Sync="TRUE">VivIndig</attalias><attrtype Sync="TRUE">Integer</attrtype><attwidth Sync="TRUE">10</attwidth><atprecis Sync="TRUE">10</atprecis><attscale Sync="TRUE">0</attscale></attr><attr><attrlabl Sync="TRUE">VivPieza</attrlabl><attalias Sync="TRUE">VivPieza</attalias><attrtype Sync="TRUE">Integer</attrtype><attwidth Sync="TRUE">10</attwidth><atprecis Sync="TRUE">10</atprecis><attscale Sync="TRUE">0</attscale></attr><attr><attrlabl Sync="TRUE">VivMedAgua</attrlabl><attalias Sync="TRUE">VivMedAgua</attalias><attrtype Sync="TRUE">Integer</attrtype><attwidth Sync="TRUE">10</attwidth><atprecis Sync="TRUE">10</atprecis><attscale Sync="TRUE">0</attscale></attr><attr><attrlabl Sync="TRUE">VivMovil</attrlabl><attalias Sync="TRUE">VivMovil</attalias><attrtype Sync="TRUE">Integer</attrtype><attwidth Sync="TRUE">10</attwidth><atprecis Sync="TRUE">10</atprecis><attscale Sync="TRUE">0</attscale></attr><attr><attrlabl Sync="TRUE">VivOtroTip</attrlabl><attalias Sync="TRUE">VivOtroTip</attalias><attrtype Sync="TRUE">Integer</attrtype><attwidth Sync="TRUE">10</attwidth><atprecis Sync="TRUE">10</atprecis><attscale Sync="TRUE">0</attscale></attr><attr><attrlabl Sync="TRUE">VivColect</attrlabl><attalias Sync="TRUE">VivColect</attalias><attrtype Sync="TRUE">Integer</attrtype><attwidth Sync="TRUE">10</attwidth><atprecis Sync="TRUE">10</atprecis><attscale Sync="TRUE">0</attscale></attr><attr><attrlabl Sync="TRUE">NoViv_tran</attrlabl><attalias Sync="TRUE">NoViv_tran</attalias><attrtype Sync="TRUE">Integer</attrtype><attwidth Sync="TRUE">10</attwidth><atprecis Sync="TRUE">10</atprecis><attscale Sync="TRUE">0</attscale></attr><attr><attrlabl Sync="TRUE">NoViv_call</attrlabl><attalias Sync="TRUE">NoViv_call</attalias><attrtype Sync="TRUE">Integer</attrtype><attwidth Sync="TRUE">10</attwidth><atprecis Sync="TRUE">10</atprecis><attscale Sync="TRUE">0</attscale></attr><attr><attrlabl Sync="TRUE">vPareHORMI</attrlabl><attalias Sync="TRUE">vPareHORMI</attalias><attrtype Sync="TRUE">Integer</attrtype><attwidth Sync="TRUE">10</attwidth><atprecis Sync="TRUE">10</atprecis><attscale Sync="TRUE">0</attscale></attr><attr><attrlabl Sync="TRUE">vPareALBAN</attrlabl><attalias Sync="TRUE">vPareALBAN</attalias><attrtype Sync="TRUE">Integer</attrtype><attwidth Sync="TRUE">10</attwidth><atprecis Sync="TRUE">10</atprecis><attscale Sync="TRUE">0</attscale></attr><attr><attrlabl Sync="TRUE">vPareFORRO</attrlabl><attalias Sync="TRUE">vPareFORRO</attalias><attrtype Sync="TRUE">Integer</attrtype><attwidth Sync="TRUE">10</attwidth><atprecis Sync="TRUE">10</atprecis><attscale Sync="TRUE">0</attscale></attr><attr><attrlabl Sync="TRUE">vPsinFORRO</attrlabl><attalias Sync="TRUE">vPsinFORRO</attalias><attrtype Sync="TRUE">Integer</attrtype><attwidth Sync="TRUE">10</attwidth><atprecis Sync="TRUE">10</atprecis><attscale Sync="TRUE">0</attscale></attr><attr><attrlabl Sync="TRUE">vPareBARRO</attrlabl><attalias Sync="TRUE">vPareBARRO</attalias><attrtype Sync="TRUE">Integer</attrtype><attwidth Sync="TRUE">10</attwidth><atprecis Sync="TRUE">10</atprecis><attscale Sync="TRUE">0</attscale></attr><attr><attrlabl Sync="TRUE">vParePRECA</attrlabl><attalias Sync="TRUE">vParePRECA</attalias><attrtype Sync="TRUE">Integer</attrtype><attwidth Sync="TRUE">10</attwidth><atprecis Sync="TRUE">10</atprecis><attscale Sync="TRUE">0</attscale></attr><attr><attrlabl Sync="TRUE">vTechTEJA</attrlabl><attalias Sync="TRUE">vTechTEJA</attalias><attrtype Sync="TRUE">Integer</attrtype><attwidth Sync="TRUE">10</attwidth><atprecis Sync="TRUE">10</atprecis><attscale Sync="TRUE">0</attscale></attr><attr><attrlabl Sync="TRUE">vTechLOSA</attrlabl><attalias Sync="TRUE">vTechLOSA</attalias><attrtype Sync="TRUE">Integer</attrtype><attwidth Sync="TRUE">10</attwidth><atprecis Sync="TRUE">10</atprecis><attscale Sync="TRUE">0</attscale></attr><attr><attrlabl Sync="TRUE">vTechMETAL</attrlabl><attalias Sync="TRUE">vTechMETAL</attalias><attrtype Sync="TRUE">Integer</attrtype><attwidth Sync="TRUE">10</attwidth><atprecis Sync="TRUE">10</atprecis><attscale Sync="TRUE">0</attscale></attr><attr><attrlabl Sync="TRUE">vTechFONOL</attrlabl><attalias Sync="TRUE">vTechFONOL</attalias><attrtype Sync="TRUE">Integer</attrtype><attwidth Sync="TRUE">10</attwidth><atprecis Sync="TRUE">10</atprecis><attscale Sync="TRUE">0</attscale></attr><attr><attrlabl Sync="TRUE">vTechPAJA</attrlabl><attalias Sync="TRUE">vTechPAJA</attalias><attrtype Sync="TRUE">Integer</attrtype><attwidth Sync="TRUE">10</attwidth><atprecis Sync="TRUE">10</atprecis><attscale Sync="TRUE">0</attscale></attr><attr><attrlabl Sync="TRUE">vTechPRECA</attrlabl><attalias Sync="TRUE">vTechPRECA</attalias><attrtype Sync="TRUE">Integer</attrtype><attwidth Sync="TRUE">10</attwidth><atprecis Sync="TRUE">10</atprecis><attscale Sync="TRUE">0</attscale></attr><attr><attrlabl Sync="TRUE">vTnoCubSol</attrlabl><attalias Sync="TRUE">vTnoCubSol</attalias><attrtype Sync="TRUE">Integer</attrtype><attwidth Sync="TRUE">10</attwidth><atprecis Sync="TRUE">10</atprecis><attscale Sync="TRUE">0</attscale></attr><attr><attrlabl Sync="TRUE">VpiPARQUET</attrlabl><attalias Sync="TRUE">VpiPARQUET</attalias><attrtype Sync="TRUE">Integer</attrtype><attwidth Sync="TRUE">10</attwidth><atprecis Sync="TRUE">10</atprecis><attscale Sync="TRUE">0</attscale></attr><attr><attrlabl Sync="TRUE">VpiRADIER</attrlabl><attalias Sync="TRUE">VpiRADIER</attalias><attrtype Sync="TRUE">Integer</attrtype><attwidth Sync="TRUE">10</attwidth><atprecis Sync="TRUE">10</atprecis><attscale Sync="TRUE">0</attscale></attr><attr><attrlabl Sync="TRUE">VpiBALDOSA</attrlabl><attalias Sync="TRUE">VpiBALDOSA</attalias><attrtype Sync="TRUE">Integer</attrtype><attwidth Sync="TRUE">10</attwidth><atprecis Sync="TRUE">10</atprecis><attscale Sync="TRUE">0</attscale></attr><attr><attrlabl Sync="TRUE">VpiCAPCEME</attrlabl><attalias Sync="TRUE">VpiCAPCEME</attalias><attrtype Sync="TRUE">Integer</attrtype><attwidth Sync="TRUE">10</attwidth><atprecis Sync="TRUE">10</atprecis><attscale Sync="TRUE">0</attscale></attr><attr><attrlabl Sync="TRUE">VpiTIERRA</attrlabl><attalias Sync="TRUE">VpiTIERRA</attalias><attrtype Sync="TRUE">Integer</attrtype><attwidth Sync="TRUE">10</attwidth><atprecis Sync="TRUE">10</atprecis><attscale Sync="TRUE">0</attscale></attr><attr><attrlabl Sync="TRUE">Piezas_0</attrlabl><attalias Sync="TRUE">Piezas_0</attalias><attrtype Sync="TRUE">Integer</attrtype><attwidth Sync="TRUE">10</attwidth><atprecis Sync="TRUE">10</atprecis><attscale Sync="TRUE">0</attscale></attr><attr><attrlabl Sync="TRUE">Piezas_1</attrlabl><attalias Sync="TRUE">Piezas_1</attalias><attrtype Sync="TRUE">Integer</attrtype><attwidth Sync="TRUE">10</attwidth><atprecis Sync="TRUE">10</atprecis><attscale Sync="TRUE">0</attscale></attr><attr><attrlabl Sync="TRUE">Piezas_2</attrlabl><attalias Sync="TRUE">Piezas_2</attalias><attrtype Sync="TRUE">Integer</attrtype><attwidth Sync="TRUE">10</attwidth><atprecis Sync="TRUE">10</atprecis><attscale Sync="TRUE">0</attscale></attr><attr><attrlabl Sync="TRUE">Piezas_3</attrlabl><attalias Sync="TRUE">Piezas_3</attalias><attrtype Sync="TRUE">Integer</attrtype><attwidth Sync="TRUE">10</attwidth><atprecis Sync="TRUE">10</atprecis><attscale Sync="TRUE">0</attscale></attr><attr><attrlabl Sync="TRUE">Piezas_4</attrlabl><attalias Sync="TRUE">Piezas_4</attalias><attrtype Sync="TRUE">Integer</attrtype><attwidth Sync="TRUE">10</attwidth><atprecis Sync="TRUE">10</atprecis><attscale Sync="TRUE">0</attscale></attr><attr><attrlabl Sync="TRUE">Piezas_5</attrlabl><attalias Sync="TRUE">Piezas_5</attalias><attrtype Sync="TRUE">Integer</attrtype><attwidth Sync="TRUE">10</attwidth><atprecis Sync="TRUE">10</atprecis><attscale Sync="TRUE">0</attscale></attr><attr><attrlabl Sync="TRUE">Piezas_6om</attrlabl><attalias Sync="TRUE">Piezas_6om</attalias><attrtype Sync="TRUE">Integer</attrtype><attwidth Sync="TRUE">10</attwidth><atprecis Sync="TRUE">10</atprecis><attscale Sync="TRUE">0</attscale></attr><attr><attrlabl Sync="TRUE">vAguRedPUB</attrlabl><attalias Sync="TRUE">vAguRedPUB</attalias><attrtype Sync="TRUE">Integer</attrtype><attwidth Sync="TRUE">10</attwidth><atprecis Sync="TRUE">10</atprecis><attscale Sync="TRUE">0</attscale></attr><attr><attrlabl Sync="TRUE">vAguPOZO</attrlabl><attalias Sync="TRUE">vAguPOZO</attalias><attrtype Sync="TRUE">Integer</attrtype><attwidth Sync="TRUE">10</attwidth><atprecis Sync="TRUE">10</atprecis><attscale Sync="TRUE">0</attscale></attr><attr><attrlabl Sync="TRUE">vAguCAMION</attrlabl><attalias Sync="TRUE">vAguCAMION</attalias><attrtype Sync="TRUE">Integer</attrtype><attwidth Sync="TRUE">10</attwidth><atprecis Sync="TRUE">10</atprecis><attscale Sync="TRUE">0</attscale></attr><attr><attrlabl Sync="TRUE">vAguRIO</attrlabl><attalias Sync="TRUE">vAguRIO</attalias><attrtype Sync="TRUE">Integer</attrtype><attwidth Sync="TRUE">10</attwidth><atprecis Sync="TRUE">10</atprecis><attscale Sync="TRUE">0</attscale></attr></detailed></eainfo><mdDateSt Sync="TRUE">20210901</mdDateSt></metadata>
